lambda,cuboid,K,N,scenario,file,sum,total_iters,cost_initial,cost_final,cost_change_pct,ddtheta_initial,dtheta,dtheta_change_pct,final_lambda,fake_dSx,fake_dSy,fake_dOx,fake_dOy,fake_dOz,fake_dDx,fake_dDy,fake_dDz,fake_alpha,fake_offset_x,fake_offset_z,hat_dSx,hat_dSy,hat_dOx,hat_dOy,hat_dOz,hat_dDx,hat_dDy,hat_dDz,hat_alpha,hat_offset_x,hat_offset_z,diff_dSx,diff_dSy,diff_dOx,diff_dOy,diff_dOz,diff_dDx,diff_dDy,diff_dDz,diff_alpha,diff_offset_x,diff_offset_z
GN,normal,3,3,G0,run00_u0065007.log,0.0243087,12,34626.358554,0.034955,99.99989905089227,17.12577,0.01665857,99.90272805251968,0.0,0.0,0.0,-10.0,5.0,-19.0,0.0,0.0,0.0,10.0,0.0,0.0,0.0,0.0,-10.00290811,5.00137134,-19.0106692,0.0,0.0,0.0,10.00654701,-0.00192582,-0.00088722,0.0,0.0,-0.00290811,0.00137134,-0.0106692,0.0,0.0,0.0,0.00654701,-0.00192582,-0.00088722
GN,normal,3,3,G1,run01_u0065009.log,0.03896762,15,13730.98587,0.039923,99.99970924884506,13.12913,0.002032259,99.98452099263241,0.0,0.0,0.0,-6.0,2.0,-15.0,0.0,0.0,0.0,8.0,0.0,0.0,0.0,0.0,-6.00288534,2.00108105,-15.02841796,0.0,0.0,0.0,8.00233707,0.00034822,0.00389798,0.0,0.0,-0.00288534,0.00108105,-0.02841796,0.0,0.0,0.0,0.00233707,0.00034822,0.00389798
GN,normal,3,3,G2,run02_u0065014.log,0.12222077,12,76380.162389,0.043998,99.99994239603764,30.08415,0.08073518,99.73163549576769,0.0,0.0,0.0,-14.0,8.0,-22.0,0.0,0.0,0.0,12.3,0.0,0.0,0.0,0.0,-14.00203015,7.99501113,-21.90276339,0.0,0.0,0.0,12.29569742,0.00606879,-0.00759358,0.0,0.0,-0.00203015,-0.00498887,0.09723661,0.0,0.0,0.0,-0.00430277,0.00606879,-0.00759358
GN,normal,3,3,G3,run03_u0065017.log,0.07065448,14,32157.901912,0.065768,99.99979548417002,23.56316,0.05300612,99.77504664060339,0.0,0.0,0.0,-8.0,6.0,-25.0,0.0,0.0,0.0,14.1,0.0,0.0,0.0,0.0,-8.00186998,6.00035287,-24.94756927,0.0,0.0,0.0,14.10635863,0.0084136,0.00122905,0.0,0.0,-0.00186998,0.00035287,0.05243073,0.0,0.0,0.0,0.00635825,0.0084136,0.00122905
GN,normal,3,3,G4,run04_u0065020.log,0.13593258,11,59387.058298,0.145162,99.99975556627291,16.72388,0.01793521,99.89275688416802,0.0,0.0,0.0,-12.0,3.0,-13.0,0.0,0.0,0.0,3.3,0.0,0.0,0.0,0.0,-12.0013649,3.00590119,-13.11034861,0.0,0.0,0.0,3.28818766,-0.00131209,-0.0051935,0.0,0.0,-0.0013649,0.00590119,-0.11034861,0.0,0.0,0.0,-0.01181229,-0.00131209,-0.0051935
GN,normal,3,5,G0,run05_u0065031.log,0.06258197,11,57571.284605,0.099956,99.99982637872216,15.86493,0.02109461,99.86703622392282,0.0,0.0,0.0,-10.0,5.0,-19.0,0.0,0.0,0.0,10.0,0.0,0.0,0.0,0.0,-10.00000407,4.99407449,-18.95298185,0.0,0.0,0.0,10.0057989,-0.00050806,-0.00332728,0.0,0.0,-4.07e-06,-0.00592551,0.04701815,0.0,0.0,0.0,0.0057989,-0.00050806,-0.00332728
GN,normal,3,5,G1,run06_u0065034.log,0.03759295,12,22755.333334,0.10449,99.99954081094543,9.743465,0.005054385,99.94812538455263,0.0,0.0,0.0,-6.0,2.0,-15.0,0.0,0.0,0.0,8.0,0.0,0.0,0.0,0.0,-6.00058688,1.99719918,-14.97211237,0.0,0.0,0.0,8.00117907,-0.00352142,-0.00161713,0.0,0.0,-0.00058688,-0.00280082,0.02788763,0.0,0.0,0.0,0.00117907,-0.00352142,-0.00161713
GN,normal,3,5,G2,run07_u0065047.log,0.01850375,13,127124.622412,0.175598,99.99986186940289,20.71177,0.005861749,99.97169846420658,0.0,0.0,0.0,-14.0,8.0,-22.0,0.0,0.0,0.0,12.3,0.0,0.0,0.0,0.0,-13.99965637,7.99854424,-21.99980043,0.0,0.0,0.0,12.31083498,0.00454172,-0.00112828,0.0,0.0,0.00034363,-0.00145576,0.00019957,0.0,0.0,0.0,0.01083479,0.00454172,-0.00112828
GN,normal,3,5,G3,run08_u0065053.log,0.05342828,13,53420.546832,0.069683,99.99986955768121,21.22038,0.005191057,99.97553739848202,0.0,0.0,0.0,-8.0,6.0,-25.0,0.0,0.0,0.0,14.1,0.0,0.0,0.0,0.0,-7.99554342,5.9976439,-25.02869804,0.0,0.0,0.0,14.08989797,-0.0011806,-0.00663455,0.0,0.0,0.00445658,-0.0023561,-0.02869804,0.0,0.0,0.0,-0.01010241,-0.0011806,-0.00663455
GN,normal,3,5,G4,run09_u0065064.log,0.0872558,14,98854.286311,0.127813,99.999870705657,17.79052,0.009970431,99.94395649480735,0.0,0.0,0.0,-12.0,3.0,-13.0,0.0,0.0,0.0,3.3,0.0,0.0,0.0,0.0,-12.0007312,2.99722729,-12.93907215,0.0,0.0,0.0,3.28351714,-0.00350582,0.00283541,0.0,0.0,-0.0007312,-0.00277271,0.06092785,0.0,0.0,0.0,-0.01648281,-0.00350582,0.00283541
GN,normal,3,6,G0,run10_u0065076.log,0.015306710000000001,12,69186.211537,0.084003,99.99987858418876,19.27854,0.008847934,99.95410475067095,0.0,0.0,0.0,-10.0,5.0,-19.0,0.0,0.0,0.0,10.0,0.0,0.0,0.0,0.0,-10.0013741,5.00064032,-18.99558554,0.0,0.0,0.0,10.00150747,-0.00382875,-0.00354161,0.0,0.0,-0.0013741,0.00064032,0.00441446,0.0,0.0,0.0,0.00150747,-0.00382875,-0.00354161
GN,normal,3,6,G1,run11_u0065077.log,0.02913909,12,27412.92906,0.12162,99.99955634073346,12.39969,0.005106962,99.95881379292548,0.0,0.0,0.0,-6.0,2.0,-15.0,0.0,0.0,0.0,8.0,0.0,0.0,0.0,0.0,-6.00216977,1.99929341,-14.98644685,0.0,0.0,0.0,8.00743193,0.00225701,0.00302064,0.0,0.0,-0.00216977,-0.00070659,0.01355315,0.0,0.0,0.0,0.00743193,0.00225701,0.00302064
GN,normal,3,6,G2,run12_u0065081.log,0.02422475,13,152667.334041,0.062829,99.99995884581308,25.89499,0.00897981,99.96532221097596,0.0,0.0,0.0,-14.0,8.0,-22.0,0.0,0.0,0.0,12.3,0.0,0.0,0.0,0.0,-14.00172223,7.99766586,-21.99157027,0.0,0.0,0.0,12.29069823,-0.00146061,-0.00097608,0.0,0.0,-0.00172223,-0.00233414,0.00842973,0.0,0.0,0.0,-0.00930196,-0.00146061,-0.00097608
GN,normal,3,6,G3,run13_u0065082.log,0.09523490999999999,15,64128.661421,0.116358,99.9998185553894,27.18811,0.005090023,99.98127849637211,0.0,0.0,0.0,-8.0,6.0,-25.0,0.0,0.0,0.0,14.1,0.0,0.0,0.0,0.0,-7.99961542,5.99333313,-24.92563533,0.0,0.0,0.0,14.09207291,0.00381595,0.00207537,0.0,0.0,0.00038458,-0.00666687,0.07436467,0.0,0.0,0.0,-0.00792747,0.00381595,0.00207537
GN,normal,3,6,G4,run14_u0065083.log,0.05249487,16,118761.272465,0.182547,99.99984629080151,18.46061,0.01337893,99.92752715105298,0.0,0.0,0.0,-12.0,3.0,-13.0,0.0,0.0,0.0,3.3,0.0,0.0,0.0,0.0,-11.99887393,3.00141955,-13.0346772,0.0,0.0,0.0,3.30784766,0.00527818,0.00214617,0.0,0.0,0.00112607,0.00141955,-0.0346772,0.0,0.0,0.0,0.0078477,0.00527818,0.00214617
GN,normal,3,9,G0,run15_u0065085.log,0.08491213,14,103579.458628,0.184283,99.99982208538022,17.49144,0.01451426,99.91702078273715,0.0,0.0,0.0,-10.0,5.0,-19.0,0.0,0.0,0.0,10.0,0.0,0.0,0.0,0.0,-10.00265149,4.99826016,-18.93063262,0.0,0.0,0.0,10.00258733,0.00042543,0.00814066,0.0,0.0,-0.00265149,-0.00173984,0.06936738,0.0,0.0,0.0,0.00258733,0.00042543,0.00814066
GN,normal,3,9,G1,run16_u0065087.log,0.042511759999999996,13,40916.328247,0.184004,99.9995502920035,13.11236,0.02156927,99.8355042875577,0.0,0.0,0.0,-6.0,2.0,-15.0,0.0,0.0,0.0,8.0,0.0,0.0,0.0,0.0,-6.00034915,2.00004628,-15.02931547,0.0,0.0,0.0,7.99040206,-0.00122324,0.00197968,0.0,0.0,-0.00034915,4.628e-05,-0.02931547,0.0,0.0,0.0,-0.00959794,-0.00122324,0.00197968
GN,normal,3,9,G2,run17_u0065091.log,0.020569050000000002,15,228728.701801,0.114217,99.9999500644217,31.83165,0.01614885,99.94926794558246,0.0,0.0,0.0,-14.0,8.0,-22.0,0.0,0.0,0.0,12.3,0.0,0.0,0.0,0.0,-14.00249825,7.99953289,-22.01000606,0.0,0.0,0.0,12.29659625,0.00258083,-0.00161286,0.0,0.0,-0.00249825,-0.00046711,-0.01000606,0.0,0.0,0.0,-0.00340394,0.00258083,-0.00161286
GN,normal,3,9,G3,run18_u0065092.log,0.04007861,12,96104.476441,0.229761,99.99976092580856,21.27459,0.01151827,99.9458590271305,0.0,0.0,0.0,-8.0,6.0,-25.0,0.0,0.0,0.0,14.1,0.0,0.0,0.0,0.0,-8.00195511,5.99716249,-24.96731722,0.0,0.0,0.0,14.10004478,0.0005603,-0.00199851,0.0,0.0,-0.00195511,-0.00283751,0.03268278,0.0,0.0,0.0,4.44e-05,0.0005603,-0.00199851
GN,normal,3,9,G4,run19_u0065096.log,0.07607127,12,178053.177874,0.444762,99.99975020833367,15.94337,0.01481002,99.90710859749225,0.0,0.0,0.0,-12.0,3.0,-13.0,0.0,0.0,0.0,3.3,0.0,0.0,0.0,0.0,-12.00067715,3.0026955,-13.05551237,0.0,0.0,0.0,3.31360337,-0.00030515,-0.00327768,0.0,0.0,-0.00067715,0.0026955,-0.05551237,0.0,0.0,0.0,0.01360342,-0.00030515,-0.00327768
GN,normal,3,10,G0,run20_u0065097.log,0.04534745,16,115162.126589,0.149624,99.99987007534124,14.5643,0.0104846,99.92801164491256,0.0,0.0,0.0,-10.0,5.0,-19.0,0.0,0.0,0.0,10.0,0.0,0.0,0.0,0.0,-10.00057702,4.9963258,-18.97127772,0.0,0.0,0.0,10.01103177,-0.00073985,-0.00060233,0.0,0.0,-0.00057702,-0.0036742,0.02872228,0.0,0.0,0.0,0.01103177,-0.00073985,-0.00060233
GN,normal,3,10,G1,run21_u0065098.log,0.05291955,15,45531.863345,0.213753,99.99953054194513,9.663387,0.008877992,99.90812753333795,0.0,0.0,0.0,-6.0,2.0,-15.0,0.0,0.0,0.0,8.0,0.0,0.0,0.0,0.0,-6.00011708,1.99657209,-14.95476075,0.0,0.0,0.0,8.0026605,-0.00091228,-0.00056253,0.0,0.0,-0.00011708,-0.00342791,0.04523925,0.0,0.0,0.0,0.0026605,-0.00091228,-0.00056253
GN,normal,3,10,G2,run22_u0065099.log,0.02096114,16,254239.475747,0.238809,99.99990606926823,18.80111,0.001708055,99.9909151374573,0.0,0.0,0.0,-14.0,8.0,-22.0,0.0,0.0,0.0,12.3,0.0,0.0,0.0,0.0,-13.99934516,8.00115686,-21.98856369,0.0,0.0,0.0,12.29399319,-5.62e-06,0.00170051,0.0,0.0,0.00065484,0.00115686,0.01143631,0.0,0.0,0.0,-0.006007,-5.62e-06,0.00170051
GN,normal,3,10,G3,run23_u0065007.log,0.06428824,15,106839.855028,0.226534,99.99978796863779,18.86798,0.00371118,99.98033080382744,0.0,0.0,0.0,-8.0,6.0,-25.0,0.0,0.0,0.0,14.1,0.0,0.0,0.0,0.0,-7.9976393,5.99650154,-24.95723345,0.0,0.0,0.0,14.09074145,0.00629712,0.00010648,0.0,0.0,0.0023607,-0.00349846,0.04276655,0.0,0.0,0.0,-0.00925893,0.00629712,0.00010648
GN,normal,3,10,G4,run24_u0065009.log,0.04705318,13,197755.735571,0.244135,99.99987654719634,19.65604,0.006400456,99.96743771380196,0.0,0.0,0.0,-12.0,3.0,-13.0,0.0,0.0,0.0,3.3,0.0,0.0,0.0,0.0,-12.00146502,2.99720934,-12.96382222,0.0,0.0,0.0,3.30448568,0.00159294,-0.00054105,0.0,0.0,-0.00146502,-0.00279066,0.03617778,0.0,0.0,0.0,0.00448573,0.00159294,-0.00054105
GN,normal,3,12,G0,run25_u0065014.log,0.044217860000000005,15,138125.388434,0.199505,99.99985556239714,13.89364,0.001812232,99.98695639155757,0.0,0.0,0.0,-10.0,5.0,-19.0,0.0,0.0,0.0,10.0,0.0,0.0,0.0,0.0,-10.00201245,4.99927185,-18.97072944,0.0,0.0,0.0,9.99446794,-0.00148554,-0.0051891,0.0,0.0,-0.00201245,-0.00072815,0.02927056,0.0,0.0,0.0,-0.00553206,-0.00148554,-0.0051891
GN,normal,3,12,G1,run26_u0065017.log,0.02816866,14,54556.28867,0.240933,99.9995583772176,11.92797,0.00373437,99.96869232568493,0.0,0.0,0.0,-6.0,2.0,-15.0,0.0,0.0,0.0,8.0,0.0,0.0,0.0,0.0,-5.99978061,2.00080831,-15.01477894,0.0,0.0,0.0,8.01184111,-1.472e-05,0.00050619,0.0,0.0,0.00021939,0.00080831,-0.01477894,0.0,0.0,0.0,0.01184111,-1.472e-05,0.00050619
GN,normal,3,12,G2,run27_u0065020.log,0.02999366,14,305028.836065,0.140079,99.9999540768008,23.84851,0.00223813,99.99061522082512,0.0,0.0,0.0,-14.0,8.0,-22.0,0.0,0.0,0.0,12.3,0.0,0.0,0.0,0.0,-13.99967224,7.99891299,-22.01939976,0.0,0.0,0.0,12.29431523,-0.00173471,0.00175946,0.0,0.0,0.00032776,-0.00108701,-0.01939976,0.0,0.0,0.0,-0.00568496,-0.00173471,0.00175946
GN,normal,3,12,G3,run28_u0065031.log,0.0171529,15,128146.525345,0.2214,99.999827229026,19.78944,0.008818948,99.95543609116783,0.0,0.0,0.0,-8.0,6.0,-25.0,0.0,0.0,0.0,14.1,0.0,0.0,0.0,0.0,-8.00012381,5.99836879,-25.00335889,0.0,0.0,0.0,14.09091042,0.0006826,0.00226643,0.0,0.0,-0.00012381,-0.00163121,-0.00335889,0.0,0.0,0.0,-0.00908996,0.0006826,0.00226643
GN,normal,3,12,G4,run29_u0065034.log,0.04344962,12,237320.516425,0.527977,99.99977752576645,18.31721,0.007219883,99.96058415555643,0.0,0.0,0.0,-12.0,3.0,-13.0,0.0,0.0,0.0,3.3,0.0,0.0,0.0,0.0,-11.99599449,3.00124274,-13.01466685,0.0,0.0,0.0,3.31909057,0.00398987,0.00045404,0.0,0.0,0.00400551,0.00124274,-0.01466685,0.0,0.0,0.0,0.01909061,0.00398987,0.00045404
GN,normal,3,15,G0,run30_u0065047.log,0.02697892,16,172650.239545,0.339085,99.9998036000408,17.37156,0.006671667,99.96159431277329,0.0,0.0,0.0,-10.0,5.0,-19.0,0.0,0.0,0.0,10.0,0.0,0.0,0.0,0.0,-10.00051677,4.99742122,-18.98526216,0.0,0.0,0.0,9.99452115,-0.00359438,7.23e-05,0.0,0.0,-0.00051677,-0.00257878,0.01473784,0.0,0.0,0.0,-0.00547885,-0.00359438,7.23e-05
GN,normal,3,15,G1,run31_u0065053.log,0.02967417,15,68234.061742,0.322014,99.99952807440772,12.76144,0.002070527,99.9837751303928,0.0,0.0,0.0,-6.0,2.0,-15.0,0.0,0.0,0.0,8.0,0.0,0.0,0.0,0.0,-5.99991942,2.00009751,-15.02199245,0.0,0.0,0.0,8.00425651,-0.00211949,-0.00112763,0.0,0.0,8.058e-05,9.751e-05,-0.02199245,0.0,0.0,0.0,0.00425651,-0.00211949,-0.00112763
GN,normal,3,15,G2,run32_u0065064.log,0.04624018,13,381135.866825,0.331577,99.99991300293968,23.15095,0.01323453,99.94283374980293,0.0,0.0,0.0,-14.0,8.0,-22.0,0.0,0.0,0.0,12.3,0.0,0.0,0.0,0.0,-14.00153728,7.99972294,-21.98637144,0.0,0.0,0.0,12.2766798,-0.00560706,0.00186983,0.0,0.0,-0.00153728,-0.00027706,0.01362856,0.0,0.0,0.0,-0.02332039,-0.00560706,0.00186983
GN,normal,3,15,G3,run33_u0065076.log,0.04743586,14,160186.520022,0.349879,99.99978158024786,18.9337,0.02283453,99.87939742364144,0.0,0.0,0.0,-8.0,6.0,-25.0,0.0,0.0,0.0,14.1,0.0,0.0,0.0,0.0,-8.00125602,5.99890344,-24.97742256,0.0,0.0,0.0,14.08217593,0.00174493,-0.00293645,0.0,0.0,-0.00125602,-0.00109656,0.02257744,0.0,0.0,0.0,-0.01782446,0.00174493,-0.00293645
GN,normal,3,15,G4,run34_u0065077.log,0.05151399,11,296700.872441,0.543647,99.99981676932882,15.54046,0.01008971,99.93507457308213,0.0,0.0,0.0,-12.0,3.0,-13.0,0.0,0.0,0.0,3.3,0.0,0.0,0.0,0.0,-12.00170151,3.00203719,-13.03610515,0.0,0.0,0.0,3.29088734,-0.00098776,-0.00156977,0.0,0.0,-0.00170151,0.00203719,-0.03610515,0.0,0.0,0.0,-0.00911261,-0.00098776,-0.00156977
GN,normal,3,18,G0,run35_u0065081.log,0.03453437,16,207139.351219,0.4137,99.9998002793783,18.92631,0.003043511,99.98391915275613,0.0,0.0,0.0,-10.0,5.0,-19.0,0.0,0.0,0.0,10.0,0.0,0.0,0.0,0.0,-10.00117696,5.00000712,-18.97648065,0.0,0.0,0.0,9.9958526,-0.00127226,-0.00441128,0.0,0.0,-0.00117696,7.12e-06,0.02351935,0.0,0.0,0.0,-0.0041474,-0.00127226,-0.00441128
GN,normal,3,18,G1,run36_u0065082.log,0.04386851,15,81837.164172,0.384563,99.99953008757831,15.02489,0.002118051,99.98590305153648,0.0,0.0,0.0,-6.0,2.0,-15.0,0.0,0.0,0.0,8.0,0.0,0.0,0.0,0.0,-5.99868132,2.00137785,-15.03481378,0.0,0.0,0.0,7.99787614,-0.00250537,-0.00172897,0.0,0.0,0.00131868,0.00137785,-0.03481378,0.0,0.0,0.0,-0.00212386,-0.00250537,-0.00172897
GN,normal,3,18,G2,run37_u0065083.log,0.018519479999999998,16,457551.717983,0.23701,99.9999482003912,25.54513,0.005621537,99.97799370369225,0.0,0.0,0.0,-14.0,8.0,-22.0,0.0,0.0,0.0,12.3,0.0,0.0,0.0,0.0,-14.00239569,7.99934012,-21.98888058,0.0,0.0,0.0,12.30244504,0.00102834,-0.0008713,0.0,0.0,-0.00239569,-0.00065988,0.01111942,0.0,0.0,0.0,0.00244485,0.00102834,-0.0008713
GN,normal,3,18,G3,run38_u0065085.log,0.0115531,15,192226.845135,0.454063,99.9997637879352,23.88602,0.005978593,99.97497032573865,0.0,0.0,0.0,-8.0,6.0,-25.0,0.0,0.0,0.0,14.1,0.0,0.0,0.0,0.0,-8.00066023,5.99895913,-24.99172151,0.0,0.0,0.0,14.10104751,-0.00020165,0.00032473,0.0,0.0,-0.00066023,-0.00104087,0.00827849,0.0,0.0,0.0,0.00104713,-0.00020165,0.00032473
GN,normal,3,18,G4,run39_u0065087.log,0.03447954,12,356115.656929,0.858243,99.99975899880184,15.97605,0.006322663,99.96042411609878,0.0,0.0,0.0,-12.0,3.0,-13.0,0.0,0.0,0.0,3.3,0.0,0.0,0.0,0.0,-11.99984796,3.00109507,-13.01509033,0.0,0.0,0.0,3.31279524,0.00280105,0.00254576,0.0,0.0,0.00015204,0.00109507,-0.01509033,0.0,0.0,0.0,0.01279529,0.00280105,0.00254576
GN,normal,3,24,G0,run40_u0065091.log,0.03819895,14,276203.561955,0.577078,99.9997910678646,16.59575,0.01426983,99.91401515448233,0.0,0.0,0.0,-10.0,5.0,-19.0,0.0,0.0,0.0,10.0,0.0,0.0,0.0,0.0,-10.00062583,4.99958594,-18.97658791,0.0,0.0,0.0,9.98994353,0.00048673,-0.00320377,0.0,0.0,-0.00062583,-0.00041406,0.02341209,0.0,0.0,0.0,-0.01005647,0.00048673,-0.00320377
GN,normal,3,24,G1,run41_u0065092.log,0.03510625,13,109096.258488,0.551751,99.99949425304986,11.95524,0.004062248,99.96602119238091,0.0,0.0,0.0,-6.0,2.0,-15.0,0.0,0.0,0.0,8.0,0.0,0.0,0.0,0.0,-6.00005233,1.99830064,-14.97168529,0.0,0.0,0.0,7.99849872,-0.00190859,-0.00162998,0.0,0.0,-5.233e-05,-0.00169936,0.02831471,0.0,0.0,0.0,-0.00150128,-0.00190859,-0.00162998
GN,normal,3,24,G2,run42_u0065096.log,0.02837475,12,609990.018838,0.479403,99.9999214080583,23.65064,0.003094106,99.98691745339661,0.0,0.0,0.0,-14.0,8.0,-22.0,0.0,0.0,0.0,12.3,0.0,0.0,0.0,0.0,-13.99974458,7.99930006,-22.01476257,0.0,0.0,0.0,12.29118844,-0.00227029,0.00157478,0.0,0.0,0.00025542,-0.00069994,-0.01476257,0.0,0.0,0.0,-0.00881175,-0.00227029,0.00157478
GN,normal,3,24,G3,run43_u0065097.log,0.01755083,14,256226.509494,0.480073,99.99981263726343,21.25056,0.006063733,99.97146553784935,0.0,0.0,0.0,-8.0,6.0,-25.0,0.0,0.0,0.0,14.1,0.0,0.0,0.0,0.0,-8.00025463,5.99845205,-24.99662862,0.0,0.0,0.0,14.08994777,0.00010851,0.00221575,0.0,0.0,-0.00025463,-0.00154795,0.00337138,0.0,0.0,0.0,-0.01005261,0.00010851,0.00221575
GN,normal,3,24,G4,run44_u0065098.log,0.047234280000000003,12,474645.255619,0.987849,99.99979187635643,18.21929,0.005948116,99.96735264656307,0.0,0.0,0.0,-12.0,3.0,-13.0,0.0,0.0,0.0,3.3,0.0,0.0,0.0,0.0,-11.99815911,3.0019258,-13.02459698,0.0,0.0,0.0,3.31488236,0.00337432,0.00061389,0.0,0.0,0.00184089,0.0019258,-0.02459698,0.0,0.0,0.0,0.0148824,0.00337432,0.00061389
GN,normal,3,36,G0,run45_u0065099.log,0.032458,16,414302.569598,0.744691,99.99982025431298,17.76523,0.001901546,99.98929624890869,0.0,0.0,0.0,-10.0,5.0,-19.0,0.0,0.0,0.0,10.0,0.0,0.0,0.0,0.0,-10.00087259,4.99911999,-18.97644506,0.0,0.0,0.0,9.99717042,-0.00064784,-0.00367304,0.0,0.0,-0.00087259,-0.00088001,0.02355494,0.0,0.0,0.0,-0.00282958,-0.00064784,-0.00367304
GN,normal,3,36,G1,run46_u0065007.log,0.03320807,14,163652.534461,0.709326,99.9995665658327,14.2118,0.00234027,99.98353290927258,0.0,0.0,0.0,-6.0,2.0,-15.0,0.0,0.0,0.0,8.0,0.0,0.0,0.0,0.0,-5.99924283,2.00150783,-15.02751272,0.0,0.0,0.0,7.99814051,-0.00098478,-0.00058608,0.0,0.0,0.00075717,0.00150783,-0.02751272,0.0,0.0,0.0,-0.00185949,-0.00098478,-0.00058608
GN,normal,3,36,G2,run47_u0065009.log,0.01802359,14,915093.682899,0.602072,99.99993420651774,24.038,0.00655548,99.97272867959065,0.0,0.0,0.0,-14.0,8.0,-22.0,0.0,0.0,0.0,12.3,0.0,0.0,0.0,0.0,-14.00146058,7.99911039,-21.99153171,0.0,0.0,0.0,12.29611545,-0.00096174,0.00235863,0.0,0.0,-0.00146058,-0.00088961,0.00846829,0.0,0.0,0.0,-0.00388474,-0.00096174,0.00235863
GN,normal,3,36,G3,run48_u0065014.log,0.01219469,15,384425.133574,0.95907,99.99975051839326,23.9865,0.001329044,99.99445919996666,0.0,0.0,0.0,-8.0,6.0,-25.0,0.0,0.0,0.0,14.1,0.0,0.0,0.0,0.0,-8.00112352,6.00024847,-25.00867271,0.0,0.0,0.0,14.09964473,-0.00126436,0.00052998,0.0,0.0,-0.00112352,0.00024847,-0.00867271,0.0,0.0,0.0,-0.00035565,-0.00126436,0.00052998
GN,normal,3,36,G4,run49_u0065017.log,0.0156143,11,712094.312018,1.743163,99.99975520616152,16.29622,0.009191783,99.94359561297038,0.0,0.0,0.0,-12.0,3.0,-13.0,0.0,0.0,0.0,3.3,0.0,0.0,0.0,0.0,-11.99906875,3.00051514,-13.00829486,0.0,0.0,0.0,3.29477468,-0.00028821,0.00035957,0.0,0.0,0.00093125,0.00051514,-0.00829486,0.0,0.0,0.0,-0.00522527,-0.00028821,0.00035957
GN,normal,3,60,G0,run50_u0065020.log,0.024762899999999997,13,690661.516275,1.357006,99.99980352083213,16.18709,0.01674043,99.89658159681575,0.0,0.0,0.0,-10.0,5.0,-19.0,0.0,0.0,0.0,10.0,0.0,0.0,0.0,0.0,-10.0002427,4.99922452,-18.98822127,0.0,0.0,0.0,9.99241033,-0.00247928,-0.00189704,0.0,0.0,-0.0002427,-0.00077548,0.01177873,0.0,0.0,0.0,-0.00758967,-0.00247928,-0.00189704
GN,normal,3,60,G1,run51_u0065031.log,0.0234171,15,272850.855468,1.292974,99.99952612426384,11.89608,0.002414558,99.97970291053859,0.0,0.0,0.0,-6.0,2.0,-15.0,0.0,0.0,0.0,8.0,0.0,0.0,0.0,0.0,-5.99997795,1.99993527,-15.01810609,0.0,0.0,0.0,8.00432267,-0.00011565,-0.00078591,0.0,0.0,2.205e-05,-6.473e-05,-0.01810609,0.0,0.0,0.0,0.00432267,-0.00011565,-0.00078591
GN,normal,3,60,G2,run52_u0065034.log,0.01115452,17,1524862.594955,1.211641,99.99992054097176,21.41744,0.002589745,99.98790824206813,0.0,0.0,0.0,-14.0,8.0,-22.0,0.0,0.0,0.0,12.3,0.0,0.0,0.0,0.0,-13.99999602,7.99979082,-21.99185407,0.0,0.0,0.0,12.29818685,0.00030666,0.00067542,0.0,0.0,3.98e-06,-0.00020918,0.00814593,0.0,0.0,0.0,-0.00181335,0.00030666,0.00067542
GN,normal,3,60,G3,run53_u0065047.log,0.01678905,18,640753.324985,1.611922,99.99974843329919,20.91944,0.001654093,99.99209303403916,0.0,0.0,0.0,-8.0,6.0,-25.0,0.0,0.0,0.0,14.1,0.0,0.0,0.0,0.0,-8.00120964,5.99851209,-24.98880811,0.0,0.0,0.0,14.0987384,0.0002945,-0.00134313,0.0,0.0,-0.00120964,-0.00148791,0.01119189,0.0,0.0,0.0,-0.00126198,0.0002945,-0.00134313
GN,normal,3,60,G4,run54_u0065053.log,0.01216458,12,1186789.389412,2.321433,99.9998043938528,15.98099,0.004470248,99.97202771542939,0.0,0.0,0.0,-12.0,3.0,-13.0,0.0,0.0,0.0,3.3,0.0,0.0,0.0,0.0,-12.00030296,3.0006898,-13.0046221,0.0,0.0,0.0,3.29431245,-0.00053815,-0.00032407,0.0,0.0,-0.00030296,0.0006898,-0.0046221,0.0,0.0,0.0,-0.0056875,-0.00053815,-0.00032407
GN,normal,3,90,G0,run55_u0065064.log,0.023567909999999997,15,1035855.81748,2.236219,99.99978411870048,18.31633,0.005183409,99.97170061360545,0.0,0.0,0.0,-10.0,5.0,-19.0,0.0,0.0,0.0,10.0,0.0,0.0,0.0,0.0,-9.99999185,4.99847223,-18.98389336,0.0,0.0,0.0,9.99681882,-0.00128401,-0.00146016,0.0,0.0,8.15e-06,-0.00152777,0.01610664,0.0,0.0,0.0,-0.00318118,-0.00128401,-0.00146016
GN,normal,3,90,G1,run56_u0065076.log,0.013226169999999999,14,409201.870485,2.181079,99.9994669919281,13.06324,0.002406887,99.98157511459638,0.0,0.0,0.0,-6.0,2.0,-15.0,0.0,0.0,0.0,8.0,0.0,0.0,0.0,0.0,-5.99974437,1.99935364,-14.99319651,0.0,0.0,0.0,7.99585335,-0.00049987,0.00087417,0.0,0.0,0.00025563,-0.00064636,0.00680349,0.0,0.0,0.0,-0.00414665,-0.00049987,0.00087417
GN,normal,3,90,G2,run57_u0065077.log,0.01202302,16,2287684.143422,1.933783,99.99991546984292,23.89823,0.001823991,99.99236767325446,0.0,0.0,0.0,-14.0,8.0,-22.0,0.0,0.0,0.0,12.3,0.0,0.0,0.0,0.0,-14.00094212,8.00018287,-21.99344921,0.0,0.0,0.0,12.29742833,-0.00114511,0.00063027,0.0,0.0,-0.00094212,0.00018287,0.00655079,0.0,0.0,0.0,-0.00257186,-0.00114511,0.00063027
GN,normal,3,90,G3,run58_u0065081.log,0.01918383,15,960977.986707,2.530238,99.99973670177309,21.02181,0.003192387,99.98481392896237,0.0,0.0,0.0,-8.0,6.0,-25.0,0.0,0.0,0.0,14.1,0.0,0.0,0.0,0.0,-8.00013626,5.9988364,-24.9867083,0.0,0.0,0.0,14.09656723,0.00066396,-0.00049516,0.0,0.0,-0.00013626,-0.0011636,0.0132917,0.0,0.0,0.0,-0.00343315,0.00066396,-0.00049516
GN,normal,3,90,G4,run59_u0065082.log,0.01334022,15,1780327.879598,3.585794,99.99979858799936,15.66816,0.001646222,99.9894932014991,0.0,0.0,0.0,-12.0,3.0,-13.0,0.0,0.0,0.0,3.3,0.0,0.0,0.0,0.0,-12.00019874,3.00073031,-13.00601769,0.0,0.0,0.0,3.30388795,0.00129671,-0.00120877,0.0,0.0,-0.00019874,0.00073031,-0.00601769,0.0,0.0,0.0,0.003888,0.00129671,-0.00120877
GN,normal,3,180,G0,run60_u0065083.log,0.01754956,15,2071698.437593,4.369569,99.99978908276799,17.24942,0.009861357,99.9428307908324,0.0,0.0,0.0,-10.0,5.0,-19.0,0.0,0.0,0.0,10.0,0.0,0.0,0.0,0.0,-10.00048783,4.99911135,-18.98696325,0.0,0.0,0.0,9.99928271,-0.00135224,-0.0010668,0.0,0.0,-0.00048783,-0.00088865,0.01303675,0.0,0.0,0.0,-0.00071729,-0.00135224,-0.0010668
GN,normal,3,180,G1,run61_u0065085.log,0.009778829999999999,16,818331.391696,4.03652,99.99950673772986,12.99118,0.0008029226,99.99381947906195,0.0,0.0,0.0,-6.0,2.0,-15.0,0.0,0.0,0.0,8.0,0.0,0.0,0.0,0.0,-5.9997908,1.9997098,-15.00815519,0.0,0.0,0.0,7.99907709,4.333e-05,-0.000158,0.0,0.0,0.0002092,-0.0002902,-0.00815519,0.0,0.0,0.0,-0.00092291,4.333e-05,-0.000158
GN,normal,3,180,G2,run62_u0065087.log,0.0076184700000000004,15,4575217.670105,4.052009,99.99991143571098,22.81413,0.001795558,99.99212962317651,0.0,0.0,0.0,-14.0,8.0,-22.0,0.0,0.0,0.0,12.3,0.0,0.0,0.0,0.0,-14.00037548,7.99995891,-21.99483735,0.0,0.0,0.0,12.29903427,-0.00050536,0.00056797,0.0,0.0,-0.00037548,-4.109e-05,0.00516265,0.0,0.0,0.0,-0.00096592,-0.00050536,0.00056797
GN,normal,3,180,G3,run63_u0065091.log,0.00487178,16,1922085.400745,4.770041,99.99975182991359,22.66613,0.001389314,99.99387052840517,0.0,0.0,0.0,-8.0,6.0,-25.0,0.0,0.0,0.0,14.1,0.0,0.0,0.0,0.0,-8.00043704,5.99924672,-25.00089994,0.0,0.0,0.0,14.1019694,-0.00018912,-0.00062338,0.0,0.0,-0.00043704,-0.00075328,-0.00089994,0.0,0.0,0.0,0.00196902,-0.00018912,-0.00062338
GN,normal,3,180,G4,run64_u0065092.log,0.01922187,12,3560498.936434,7.087606,99.99980093784252,15.73751,0.006335601,99.95974203670086,0.0,0.0,0.0,-12.0,3.0,-13.0,0.0,0.0,0.0,3.3,0.0,0.0,0.0,0.0,-11.99942054,2.99953632,-12.98313559,0.0,0.0,0.0,3.29969174,0.00053314,-0.00047297,0.0,0.0,0.00057946,-0.00046368,0.01686441,0.0,0.0,0.0,-0.00030821,0.00053314,-0.00047297
GN,normal,3,360,G0,run65_u0065096.log,0.01741451,15,4143042.042093,8.683992,99.99979039575483,17.29968,0.007379495,99.95734317050952,0.0,0.0,0.0,-10.0,5.0,-19.0,0.0,0.0,0.0,10.0,0.0,0.0,0.0,0.0,-10.00039786,4.99897402,-18.98626127,0.0,0.0,0.0,10.00089769,-0.00066324,-0.00069101,0.0,0.0,-0.00039786,-0.00102598,0.01373873,0.0,0.0,0.0,0.00089769,-0.00066324,-0.00069101
GN,normal,3,360,G1,run66_u0065097.log,0.01082955,16,1636842.985812,8.095424,99.99950542452329,13.18065,0.0008145942,99.993819772166,0.0,0.0,0.0,-6.0,2.0,-15.0,0.0,0.0,0.0,8.0,0.0,0.0,0.0,0.0,-6.00012596,1.99957551,-15.00561816,0.0,0.0,0.0,8.00384329,9.223e-05,-0.00072542,0.0,0.0,-0.00012596,-0.00042449,-0.00561816,0.0,0.0,0.0,0.00384329,9.223e-05,-0.00072542
GN,normal,3,360,G2,run67_u0065098.log,0.00351794,15,9150452.530132,8.117878,99.99991128440945,23.33689,0.001959747,99.99160236432532,0.0,0.0,0.0,-14.0,8.0,-22.0,0.0,0.0,0.0,12.3,0.0,0.0,0.0,0.0,-14.00029355,7.99987933,-21.99892335,0.0,0.0,0.0,12.29896606,-0.00096095,3.199e-05,0.0,0.0,-0.00029355,-0.00012067,0.00107665,0.0,0.0,0.0,-0.00103413,-0.00096095,3.199e-05
GN,normal,3,360,G3,run68_u0065099.log,0.0075937999999999995,16,3844626.998474,9.618957,99.9997498077966,22.21342,0.001876757,99.9915512469489,0.0,0.0,0.0,-8.0,6.0,-25.0,0.0,0.0,0.0,14.1,0.0,0.0,0.0,0.0,-8.00023359,5.99970369,-25.00556538,0.0,0.0,0.0,14.10115853,2.2e-06,-0.00033817,0.0,0.0,-0.00023359,-0.00029631,-0.00556538,0.0,0.0,0.0,0.00115815,2.2e-06,-0.00033817
GN,normal,3,360,G4,run69_u0065007.log,0.01861185,13,7120763.599891,14.333616,99.99979870675668,15.81612,0.00108915,99.99311367136819,0.0,0.0,0.0,-12.0,3.0,-13.0,0.0,0.0,0.0,3.3,0.0,0.0,0.0,0.0,-11.99944464,2.99973266,-12.98547066,0.0,0.0,0.0,3.30200737,0.00062235,-0.00063005,0.0,0.0,0.00055536,-0.00026734,0.01452934,0.0,0.0,0.0,0.00200741,0.00062235,-0.00063005
LM_low,normal,3,3,G0,run70_u0065083.log,0.01936376,28,34626.358554,0.027192,99.99992147022922,17.12554,7.673061e-07,99.99999551952172,1000000.0,0.0,0.0,-10.0,5.0,-19.0,0.0,0.0,0.0,10.0,0.0,0.0,0.0,0.0,-10.00244149,4.99967902,-19.00700037,0.0,0.0,0.0,10.00340142,-0.00320101,-0.00299849,0.0,0.0,-0.00244149,-0.00032098,-0.00700037,0.0,0.0,0.0,0.00340142,-0.00320101,-0.00299849
LM_low,normal,3,3,G1,run71_u0065085.log,0.05821386,24,13730.98587,0.042538,99.99969020432762,13.12894,7.748268e-07,99.99999409832935,1000000.0,0.0,0.0,-6.0,2.0,-15.0,0.0,0.0,0.0,8.0,0.0,0.0,0.0,0.0,-6.00246494,2.0017587,-15.04984389,0.0,0.0,0.0,7.99994665,-0.00100949,0.00308349,0.0,0.0,-0.00246494,0.0017587,-0.04984389,0.0,0.0,0.0,-5.335e-05,-0.00100949,0.00308349
LM_low,normal,3,3,G2,run72_u0065092.log,0.027156970000000002,31,76380.162389,0.027219,99.99996436378355,30.08364,1.640485e-06,99.99999454691985,1000000.0,0.0,0.0,-14.0,8.0,-22.0,0.0,0.0,0.0,12.3,0.0,0.0,0.0,0.0,-14.00230131,7.99760656,-21.99921618,0.0,0.0,0.0,12.28551535,0.00191099,-0.00528257,0.0,0.0,-0.00230131,-0.00239344,0.00078382,0.0,0.0,0.0,-0.01448484,0.00191099,-0.00528257
LM_low,normal,3,3,G3,run73_u0065014.log,0.03433057,25,32157.901912,0.052023,99.99983822638634,23.56276,8.099538e-07,99.99999656256821,1000000.0,0.0,0.0,-8.0,6.0,-25.0,0.0,0.0,0.0,14.1,0.0,0.0,0.0,0.0,-8.00064496,6.00005887,-24.98042923,0.0,0.0,0.0,14.09215684,0.00599249,0.00021994,0.0,0.0,-0.00064496,5.887e-05,0.01957077,0.0,0.0,0.0,-0.00784354,0.00599249,0.00021994
LM_low,normal,3,3,G4,run74_u0065083.log,0.11934601,30,59387.058298,0.123761,99.99979160274385,16.72373,3.554111e-06,99.99997874809627,1000000.0,0.0,0.0,-12.0,3.0,-13.0,0.0,0.0,0.0,3.3,0.0,0.0,0.0,0.0,-12.00005058,3.00370675,-13.1016886,0.0,0.0,0.0,3.29073789,0.00338807,-0.00124995,0.0,0.0,-5.058e-05,0.00370675,-0.1016886,0.0,0.0,0.0,-0.00926206,0.00338807,-0.00124995
LM_low,normal,3,5,G0,run75_u0065085.log,0.04611346,28,57571.284605,0.10147,99.99982374893891,15.86487,6.33283e-07,99.99999600826858,706400.0,0.0,0.0,-10.0,5.0,-19.0,0.0,0.0,0.0,10.0,0.0,0.0,0.0,0.0,-10.00132096,4.99547747,-18.96566187,0.0,0.0,0.0,9.99988374,-0.00174534,-0.00407024,0.0,0.0,-0.00132096,-0.00452253,0.03433813,0.0,0.0,0.0,-0.00011626,-0.00174534,-0.00407024
LM_low,normal,3,5,G1,run76_u0065092.log,0.04274721,25,22755.333334,0.101623,99.99955341018956,9.743405,7.37626e-07,99.99999242948435,1000000.0,0.0,0.0,-6.0,2.0,-15.0,0.0,0.0,0.0,8.0,0.0,0.0,0.0,0.0,-6.00070072,1.99726989,-14.97074916,0.0,0.0,0.0,7.99774899,-0.0045029,-0.00331163,0.0,0.0,-0.00070072,-0.00273011,0.02925084,0.0,0.0,0.0,-0.00225101,-0.0045029,-0.00331163
LM_low,normal,3,5,G2,run77_u0065098.log,0.03489486,31,127124.622412,0.187017,99.99985288687868,20.7117,1.793664e-06,99.99999133985139,1000000.0,0.0,0.0,-14.0,8.0,-22.0,0.0,0.0,0.0,12.3,0.0,0.0,0.0,0.0,-14.00034063,7.99883416,-21.99580956,0.0,0.0,0.0,12.2804438,-0.00556537,0.00407619,0.0,0.0,-0.00034063,-0.00116584,0.00419044,0.0,0.0,0.0,-0.01955639,-0.00556537,0.00407619
LM_low,normal,3,5,G3,run78_u0065099.log,0.060100060000000004,28,53420.546832,0.067254,99.99987410462082,21.22014,8.532706e-07,99.99999597895868,1000000.0,0.0,0.0,-8.0,6.0,-25.0,0.0,0.0,0.0,14.1,0.0,0.0,0.0,0.0,-7.99631628,6.00007438,-25.03716831,0.0,0.0,0.0,14.08687866,0.00150819,-0.00454374,0.0,0.0,0.00368372,7.438e-05,-0.03716831,0.0,0.0,0.0,-0.01312172,0.00150819,-0.00454374
LM_low,normal,3,5,G4,run79_u0065009.log,0.08037884000000001,29,98854.286311,0.123716,99.99987485014094,17.79041,9.124932e-07,99.99999487087032,706400.0,0.0,0.0,-12.0,3.0,-13.0,0.0,0.0,0.0,3.3,0.0,0.0,0.0,0.0,-12.00085158,2.99751809,-12.94834975,0.0,0.0,0.0,3.28187513,-0.00385015,0.00342013,0.0,0.0,-0.00085158,-0.00248191,0.05165025,0.0,0.0,0.0,-0.01812482,-0.00385015,0.00342013
LM_low,normal,3,6,G0,run80_u0065014.log,0.01285609,30,69186.211537,0.08179,99.99988178280299,19.27839,7.236692e-07,99.99999624621559,1000000.0,0.0,0.0,-10.0,5.0,-19.0,0.0,0.0,0.0,10.0,0.0,0.0,0.0,0.0,-10.0009623,4.99983236,-18.99681104,0.0,0.0,0.0,9.99894641,-0.00362782,-0.00385578,0.0,0.0,-0.0009623,-0.00016764,0.00318896,0.0,0.0,0.0,-0.00105359,-0.00362782,-0.00385578
LM_low,normal,3,6,G1,run81_u0065047.log,0.02025878,27,27412.92906,0.116674,99.99957438331474,12.39962,8.294174e-07,99.99999331094502,1000000.0,0.0,0.0,-6.0,2.0,-15.0,0.0,0.0,0.0,8.0,0.0,0.0,0.0,0.0,-6.00136479,1.99983109,-14.99353828,0.0,0.0,0.0,8.00829156,0.00133618,0.00263562,0.0,0.0,-0.00136479,-0.00016891,0.00646172,0.0,0.0,0.0,0.00829156,0.00133618,0.00263562
LM_low,normal,3,6,G2,run82_u0065083.log,0.03544577,32,152667.334041,0.061574,99.9999596678619,25.89487,6.118324e-07,99.99999763724475,1000000.0,0.0,0.0,-14.0,8.0,-22.0,0.0,0.0,0.0,12.3,0.0,0.0,0.0,0.0,-14.00126464,7.99754957,-21.97785107,0.0,0.0,0.0,12.29246113,-0.00082486,-0.00121785,0.0,0.0,-0.00126464,-0.00245043,0.02214893,0.0,0.0,0.0,-0.00753906,-0.00082486,-0.00121785
LM_low,normal,3,6,G3,run83_u0065085.log,0.06494103,31,64128.661421,0.114481,99.9998214823178,27.18781,1.545126e-06,99.99999431684273,1000000.0,0.0,0.0,-8.0,6.0,-25.0,0.0,0.0,0.0,14.1,0.0,0.0,0.0,0.0,-7.99965151,5.99468397,-24.94700529,0.0,0.0,0.0,14.09883296,0.00379397,0.00132041,0.0,0.0,0.00034849,-0.00531603,0.05299471,0.0,0.0,0.0,-0.00116742,0.00379397,0.00132041
LM_low,normal,3,6,G4,run84_u0065087.log,0.06431373,31,118761.272465,0.17929,99.99984903327804,18.46052,2.298503e-06,99.99998754908856,1000000.0,0.0,0.0,-12.0,3.0,-13.0,0.0,0.0,0.0,3.3,0.0,0.0,0.0,0.0,-11.9990359,3.00134507,-13.04216803,0.0,0.0,0.0,3.31286605,0.00528459,0.00168584,0.0,0.0,0.0009641,0.00134507,-0.04216803,0.0,0.0,0.0,0.0128661,0.00528459,0.00168584
LM_low,normal,3,9,G0,run85_u0065092.log,0.05108751,32,103579.458628,0.193381,99.99981330178535,17.49138,1.944671e-06,99.99998888211795,1000000.0,0.0,0.0,-10.0,5.0,-19.0,0.0,0.0,0.0,10.0,0.0,0.0,0.0,0.0,-10.00248546,4.99955117,-18.95834978,0.0,0.0,0.0,9.99609701,-0.00036413,0.00223588,0.0,0.0,-0.00248546,-0.00044883,0.04165022,0.0,0.0,0.0,-0.00390299,-0.00036413,0.00223588
LM_low,normal,3,9,G1,run86_u0065096.log,0.06842198,31,40916.328247,0.170786,99.99958259695501,13.1123,2.272263e-06,99.99998267075189,1000000.0,0.0,0.0,-6.0,2.0,-15.0,0.0,0.0,0.0,8.0,0.0,0.0,0.0,0.0,-5.99942983,2.00161756,-15.05744987,0.0,0.0,0.0,7.99339036,-0.00183945,-0.00033529,0.0,0.0,0.00057017,0.00161756,-0.05744987,0.0,0.0,0.0,-0.00660964,-0.00183945,-0.00033529
LM_low,normal,3,9,G2,run87_u0065098.log,0.02207828,38,228728.701801,0.100219,99.99995618433574,31.8314,2.231314e-06,99.99999299021091,1000000.0,0.0,0.0,-14.0,8.0,-22.0,0.0,0.0,0.0,12.3,0.0,0.0,0.0,0.0,-14.00239516,7.99949115,-22.01437687,0.0,0.0,0.0,12.29998207,0.00147528,-0.003304,0.0,0.0,-0.00239516,-0.00050885,-0.01437687,0.0,0.0,0.0,-1.812e-05,0.00147528,-0.003304
LM_low,normal,3,9,G3,run88_u0065099.log,0.07971178000000001,31,96104.476441,0.234777,99.99975570648871,21.27451,2.808045e-06,99.99998680089459,1000000.0,0.0,0.0,-8.0,6.0,-25.0,0.0,0.0,0.0,14.1,0.0,0.0,0.0,0.0,-8.00347861,5.99716975,-24.94832373,0.0,0.0,0.0,14.08509905,-0.00252954,0.00429578,0.0,0.0,-0.00347861,-0.00283025,0.05167627,0.0,0.0,0.0,-0.01490133,-0.00252954,0.00429578
LM_low,normal,3,9,G4,run89_u0065009.log,0.06179663,32,178053.177874,0.42681,99.99976029071478,15.94335,1.038075e-06,99.99999348897816,1000000.0,0.0,0.0,-12.0,3.0,-13.0,0.0,0.0,0.0,3.3,0.0,0.0,0.0,0.0,-12.00033434,3.00175495,-13.03895799,0.0,0.0,0.0,3.31732789,-0.00075179,-0.00266962,0.0,0.0,-0.00033434,0.00175495,-0.03895799,0.0,0.0,0.0,0.01732794,-0.00075179,-0.00266962
LM_low,normal,3,10,G0,run90_u0065014.log,0.049385080000000005,32,115162.126589,0.147942,99.99987153589085,14.56428,2.733794e-07,99.999998122946,1000000.0,0.0,0.0,-10.0,5.0,-19.0,0.0,0.0,0.0,10.0,0.0,0.0,0.0,0.0,-10.00043718,4.99605738,-18.96534825,0.0,0.0,0.0,10.00942754,-0.00042917,-0.00049682,0.0,0.0,-0.00043718,-0.00394262,0.03465175,0.0,0.0,0.0,0.00942754,-0.00042917,-0.00049682
LM_low,normal,3,10,G1,run91_u0065047.log,0.032872860000000004,34,45531.863345,0.214053,99.99952988306588,9.663372,1.556128e-06,99.99998389663567,1000000.0,0.0,0.0,-6.0,2.0,-15.0,0.0,0.0,0.0,8.0,0.0,0.0,0.0,0.0,-6.00044401,1.99739929,-14.97552203,0.0,0.0,0.0,7.99565036,-0.00065756,-0.00034297,0.0,0.0,-0.00044401,-0.00260071,0.02447797,0.0,0.0,0.0,-0.00434964,-0.00065756,-0.00034297
LM_low,normal,3,10,G2,run92_u0065082.log,0.014933489999999999,34,254239.475747,0.239298,99.99990587692989,18.8011,2.335474e-06,99.99998757799277,1000000.0,0.0,0.0,-14.0,8.0,-22.0,0.0,0.0,0.0,12.3,0.0,0.0,0.0,0.0,-13.99943983,8.00134006,-21.99327216,0.0,0.0,0.0,12.29475957,0.00062464,0.00044016,0.0,0.0,0.00056017,0.00134006,0.00672784,0.0,0.0,0.0,-0.00524062,0.00062464,0.00044016
LM_low,normal,3,10,G3,run93_u0065083.log,0.05124956,27,106839.855028,0.23174,99.99978309592433,18.8679,7.612359e-07,99.9999959654445,762900.0,0.0,0.0,-8.0,6.0,-25.0,0.0,0.0,0.0,14.1,0.0,0.0,0.0,0.0,-7.99821885,5.9971812,-24.97221353,0.0,0.0,0.0,14.08558437,0.00365398,-0.00079315,0.0,0.0,0.00178115,-0.0028188,0.02778647,0.0,0.0,0.0,-0.01441601,0.00365398,-0.00079315
LM_low,normal,3,10,G4,run94_u0065085.log,0.051971750000000004,33,197755.735571,0.246054,99.99987557680728,19.65597,1.872465e-06,99.99999047381024,1000000.0,0.0,0.0,-12.0,3.0,-13.0,0.0,0.0,0.0,3.3,0.0,0.0,0.0,0.0,-12.0011679,2.99707502,-12.95789514,0.0,0.0,0.0,3.30286683,0.00189818,-0.00100895,0.0,0.0,-0.0011679,-0.00292498,0.04210486,0.0,0.0,0.0,0.00286688,0.00189818,-0.00100895
LM_low,normal,3,12,G0,run95_u0065087.log,0.04562007,33,138125.388434,0.210079,99.99984790703404,13.89362,3.467847e-06,99.99997504000397,1000000.0,0.0,0.0,-10.0,5.0,-19.0,0.0,0.0,0.0,10.0,0.0,0.0,0.0,0.0,-10.00188221,4.99975376,-18.97493957,0.0,0.0,0.0,9.99014192,-0.0044273,-0.00414581,0.0,0.0,-0.00188221,-0.00024624,0.02506043,0.0,0.0,0.0,-0.00985808,-0.0044273,-0.00414581
LM_low,normal,3,12,G1,run96_u0065092.log,0.0245244,32,54556.28867,0.25134,99.99953930150652,11.92793,2.84866e-06,99.99997611773375,1000000.0,0.0,0.0,-6.0,2.0,-15.0,0.0,0.0,0.0,8.0,0.0,0.0,0.0,0.0,-6.00001187,2.00085953,-15.01449897,0.0,0.0,0.0,8.00835974,8.828e-05,-0.00070601,0.0,0.0,-1.187e-05,0.00085953,-0.01449897,0.0,0.0,0.0,0.00835974,8.828e-05,-0.00070601
LM_low,normal,3,12,G2,run97_u0065096.log,0.02346064,35,305028.836065,0.138818,99.99995449020435,23.84847,1.250121e-06,99.99999475806624,1000000.0,0.0,0.0,-14.0,8.0,-22.0,0.0,0.0,0.0,12.3,0.0,0.0,0.0,0.0,-13.99996117,7.9987951,-22.01184938,0.0,0.0,0.0,12.29368985,-0.00178239,0.0022748,0.0,0.0,3.883e-05,-0.0012049,-0.01184938,0.0,0.0,0.0,-0.00631034,-0.00178239,0.0022748
LM_low,normal,3,12,G3,run98_u0065098.log,0.01533194,35,128146.525345,0.216992,99.99983066883834,19.78937,2.174519e-06,99.99998901168152,1000000.0,0.0,0.0,-8.0,6.0,-25.0,0.0,0.0,0.0,14.1,0.0,0.0,0.0,0.0,-8.00034679,5.99805381,-24.99808347,0.0,0.0,0.0,14.09111146,-8.258e-05,0.00215093,0.0,0.0,-0.00034679,-0.00194619,0.00191653,0.0,0.0,0.0,-0.00888892,-8.258e-05,0.00215093
LM_low,normal,3,12,G4,run99_u0065099.log,0.03734064,35,237320.516425,0.523287,99.99977950199677,18.31717,1.420342e-06,99.99999224584366,1000000.0,0.0,0.0,-12.0,3.0,-13.0,0.0,0.0,0.0,3.3,0.0,0.0,0.0,0.0,-11.99676166,3.00166755,-13.01460852,0.0,0.0,0.0,3.31368905,0.00192724,0.00220989,0.0,0.0,0.00323834,0.00166755,-0.01460852,0.0,0.0,0.0,0.0136891,0.00192724,0.00220989
LM_low,normal,3,15,G0,run100_u0065009.log,0.00955672,37,172650.239545,0.288262,99.99983303701127,17.37153,5.772864e-06,99.99996676824667,1000000.0,0.0,0.0,-10.0,5.0,-19.0,0.0,0.0,0.0,10.0,0.0,0.0,0.0,0.0,-10.00029157,4.99882335,-18.998276,0.0,0.0,0.0,9.99685638,-0.00242545,0.00079543,0.0,0.0,-0.00029157,-0.00117665,0.001724,0.0,0.0,0.0,-0.00314362,-0.00242545,0.00079543
LM_low,normal,3,15,G1,run101_u0065014.log,0.029402940000000002,36,68234.061742,0.324572,99.99952432554694,12.76141,1.257915e-06,99.99999014282122,1000000.0,0.0,0.0,-6.0,2.0,-15.0,0.0,0.0,0.0,8.0,0.0,0.0,0.0,0.0,-5.9999807,1.99987141,-15.02325471,0.0,0.0,0.0,8.00320498,-0.00189868,-0.00089668,0.0,0.0,1.93e-05,-0.00012859,-0.02325471,0.0,0.0,0.0,0.00320498,-0.00189868,-0.00089668
LM_low,normal,3,15,G2,run102_u0065047.log,0.02373705,32,381135.866825,0.326102,99.99991443943527,23.1509,1.147016e-06,99.99999504547988,1000000.0,0.0,0.0,-14.0,8.0,-22.0,0.0,0.0,0.0,12.3,0.0,0.0,0.0,0.0,-14.00089512,7.99959696,-21.997163,0.0,0.0,0.0,12.28515117,-0.00400949,0.00074338,0.0,0.0,-0.00089512,-0.00040304,0.002837,0.0,0.0,0.0,-0.01484902,-0.00400949,0.00074338
LM_low,normal,3,15,G3,run103_u0065053.log,0.0331727,35,160186.520022,0.324378,99.99979749981463,18.93364,1.948176e-06,99.99998971050469,1000000.0,0.0,0.0,-8.0,6.0,-25.0,0.0,0.0,0.0,14.1,0.0,0.0,0.0,0.0,-8.00152694,5.99881657,-24.98394208,0.0,0.0,0.0,14.08973335,0.00333098,-0.0008064,0.0,0.0,-0.00152694,-0.00118343,0.01605792,0.0,0.0,0.0,-0.01026703,0.00333098,-0.0008064
LM_low,normal,3,15,G4,run104_u0065082.log,0.04406505,29,296700.872441,0.586014,99.999802489964,15.54044,9.617563e-06,99.99993811267248,1000000.0,0.0,0.0,-12.0,3.0,-13.0,0.0,0.0,0.0,3.3,0.0,0.0,0.0,0.0,-12.00184371,3.00132032,-13.02467183,0.0,0.0,0.0,3.28611704,-0.00102105,-0.00132523,0.0,0.0,-0.00184371,0.00132032,-0.02467183,0.0,0.0,0.0,-0.01388291,-0.00102105,-0.00132523
LM_low,normal,3,18,G0,run105_u0065083.log,0.03413672,42,207139.351219,0.404162,99.99980488400799,18.92628,1.294945e-06,99.99999315795284,1000000.0,0.0,0.0,-10.0,5.0,-19.0,0.0,0.0,0.0,10.0,0.0,0.0,0.0,0.0,-10.00129192,4.99963946,-18.97703347,0.0,0.0,0.0,9.9958468,-0.00099123,-0.0043733,0.0,0.0,-0.00129192,-0.00036054,0.02296653,0.0,0.0,0.0,-0.0041532,-0.00099123,-0.0043733
LM_low,normal,3,18,G1,run106_u0065085.log,0.03681898,27,81837.164172,0.38837,99.99952543565759,15.02485,9.877244e-07,99.9999934260615,1000000.0,0.0,0.0,-6.0,2.0,-15.0,0.0,0.0,0.0,8.0,0.0,0.0,0.0,0.0,-5.99871408,2.00125329,-15.02920022,0.0,0.0,0.0,7.99909684,-0.00231726,-0.00185913,0.0,0.0,0.00128592,0.00125329,-0.02920022,0.0,0.0,0.0,-0.00090316,-0.00231726,-0.00185913
LM_low,normal,3,18,G2,run107_u0065087.log,0.01664881,33,457551.717983,0.233268,99.99994901822224,25.54507,1.878597e-06,99.99999264595085,1000000.0,0.0,0.0,-14.0,8.0,-22.0,0.0,0.0,0.0,12.3,0.0,0.0,0.0,0.0,-14.00245592,7.9994833,-21.98823392,0.0,0.0,0.0,12.30023005,0.00054489,-0.00113536,0.0,0.0,-0.00245592,-0.0005167,0.01176608,0.0,0.0,0.0,0.00022986,0.00054489,-0.00113536
LM_low,normal,3,18,G3,run108_u0065091.log,0.0163781,32,192226.845135,0.444857,99.99976857706858,23.88596,1.46935e-06,99.99999384847835,1000000.0,0.0,0.0,-8.0,6.0,-25.0,0.0,0.0,0.0,14.1,0.0,0.0,0.0,0.0,-8.0009539,5.99861232,-24.98898227,0.0,0.0,0.0,14.09897491,0.0006083,0.00138502,0.0,0.0,-0.0009539,-0.00138768,0.01101773,0.0,0.0,0.0,-0.00102547,0.0006083,0.00138502
LM_low,normal,3,18,G4,run109_u0065092.log,0.0208885,32,356115.656929,0.849737,99.99976138735171,15.97604,2.696526e-06,99.99998312143686,1000000.0,0.0,0.0,-12.0,3.0,-13.0,0.0,0.0,0.0,3.3,0.0,0.0,0.0,0.0,-12.00018966,3.00045601,-13.00172989,0.0,0.0,0.0,3.31147331,0.00435512,0.00268446,0.0,0.0,-0.00018966,0.00045601,-0.00172989,0.0,0.0,0.0,0.01147336,0.00435512,0.00268446
LM_low,normal,3,24,G0,run110_u0065096.log,0.04553971,35,276203.561955,0.583519,99.99978873588891,16.59573,4.28259e-06,99.99997419462716,1000000.0,0.0,0.0,-10.0,5.0,-19.0,0.0,0.0,0.0,10.0,0.0,0.0,0.0,0.0,-10.00029328,4.99870498,-18.96924257,0.0,0.0,0.0,9.99086672,-0.00093021,-0.00313049,0.0,0.0,-0.00029328,-0.00129502,0.03075743,0.0,0.0,0.0,-0.00913328,-0.00093021,-0.00313049
LM_low,normal,3,24,G1,run111_u0065098.log,0.03593042,32,109096.258488,0.557878,99.99948863690861,11.95522,2.400003e-06,99.99997992506204,1000000.0,0.0,0.0,-6.0,2.0,-15.0,0.0,0.0,0.0,8.0,0.0,0.0,0.0,0.0,-6.00028556,1.99815324,-14.97059023,0.0,0.0,0.0,8.00239594,-0.00065934,-0.00133305,0.0,0.0,-0.00028556,-0.00184676,0.02940977,0.0,0.0,0.0,0.00239594,-0.00065934,-0.00133305
LM_low,normal,3,24,G2,run112_u0065099.log,0.0200276,28,609990.018838,0.475491,99.99992204938027,23.65062,9.377319e-07,99.99999603506419,1000000.0,0.0,0.0,-14.0,8.0,-22.0,0.0,0.0,0.0,12.3,0.0,0.0,0.0,0.0,-14.00017937,7.99930823,-22.00890845,0.0,0.0,0.0,12.29258457,-0.00138637,0.00144602,0.0,0.0,-0.00017937,-0.00069177,-0.00890845,0.0,0.0,0.0,-0.00741562,-0.00138637,0.00144602
LM_low,normal,3,24,G3,run113_u0065009.log,0.0201151,37,256226.509494,0.468767,99.99981704976548,21.25052,1.330773e-06,99.99999373769208,1000000.0,0.0,0.0,-8.0,6.0,-25.0,0.0,0.0,0.0,14.1,0.0,0.0,0.0,0.0,-8.00001857,5.99851583,-24.98887646,0.0,0.0,0.0,14.09428735,0.00076114,0.00101465,0.0,0.0,-1.857e-05,-0.00148417,0.01112354,0.0,0.0,0.0,-0.00571303,0.00076114,0.00101465
LM_low,normal,3,24,G4,run114_u0065014.log,0.04796639,37,474645.255619,0.970673,99.999795495059,18.21927,1.484153e-06,99.99999185393817,1000000.0,0.0,0.0,-12.0,3.0,-13.0,0.0,0.0,0.0,3.3,0.0,0.0,0.0,0.0,-11.99839647,3.00189439,-13.02310812,0.0,0.0,0.0,3.31770427,0.00356261,9.342e-05,0.0,0.0,0.00160353,0.00189439,-0.02310812,0.0,0.0,0.0,0.01770432,0.00356261,9.342e-05
LM_low,normal,3,36,G0,run115_u0065047.log,0.03075698,37,414302.569598,0.737431,99.99982200665549,17.76521,1.47582e-06,99.99999169263971,1000000.0,0.0,0.0,-10.0,5.0,-19.0,0.0,0.0,0.0,10.0,0.0,0.0,0.0,0.0,-10.00072942,4.99940627,-18.97671446,0.0,0.0,0.0,9.99846752,-0.00077671,-0.0038391,0.0,0.0,-0.00072942,-0.00059373,0.02328554,0.0,0.0,0.0,-0.00153248,-0.00077671,-0.0038391
LM_low,normal,3,36,G1,run116_u0065082.log,0.03394277,34,163652.534461,0.721596,99.9995590682403,14.21178,2.188335e-06,99.999984601964,1000000.0,0.0,0.0,-6.0,2.0,-15.0,0.0,0.0,0.0,8.0,0.0,0.0,0.0,0.0,-5.9991796,2.00141362,-15.02676915,0.0,0.0,0.0,7.9975239,-0.00142356,-0.00103994,0.0,0.0,0.0008204,0.00141362,-0.02676915,0.0,0.0,0.0,-0.0024761,-0.00142356,-0.00103994
LM_low,normal,3,36,G2,run117_u0065085.log,0.00831038,35,915093.682899,0.590979,99.99993541874335,24.03798,1.102309e-06,99.9999954143027,1000000.0,0.0,0.0,-14.0,8.0,-22.0,0.0,0.0,0.0,12.3,0.0,0.0,0.0,0.0,-14.00142737,7.99912123,-21.99729559,0.0,0.0,0.0,12.30125381,0.00070146,0.00134475,0.0,0.0,-0.00142737,-0.00087877,0.00270441,0.0,0.0,0.0,0.00125362,0.00070146,0.00134475
LM_low,normal,3,36,G3,run118_u0065087.log,0.00869152,36,384425.133574,0.952009,99.9997523551618,23.98647,1.07653e-06,99.99999551192819,1000000.0,0.0,0.0,-8.0,6.0,-25.0,0.0,0.0,0.0,14.1,0.0,0.0,0.0,0.0,-8.0010489,5.99999332,-25.00518312,0.0,0.0,0.0,14.09917756,-0.00099915,0.00063084,0.0,0.0,-0.0010489,-6.68e-06,-0.00518312,0.0,0.0,0.0,-0.00082283,-0.00099915,0.00063084
LM_low,normal,3,36,G4,run119_u0065091.log,0.0226455,29,712094.312018,1.670808,99.9997653670347,16.29621,1.191351e-05,99.99992689398333,1000000.0,0.0,0.0,-12.0,3.0,-13.0,0.0,0.0,0.0,3.3,0.0,0.0,0.0,0.0,-11.99922027,2.99921053,-12.98540484,0.0,0.0,0.0,3.29408388,0.00030331,0.00026176,0.0,0.0,0.00077973,-0.00078947,0.01459516,0.0,0.0,0.0,-0.00591607,0.00030331,0.00026176
LM_low,normal,3,60,G0,run120_u0065092.log,0.03841015,32,690661.516275,1.343899,99.99980541857795,16.18708,8.786725e-06,99.99994571766494,1000000.0,0.0,0.0,-10.0,5.0,-19.0,0.0,0.0,0.0,10.0,0.0,0.0,0.0,0.0,-10.00034322,4.9976875,-18.97250131,0.0,0.0,0.0,9.99486305,-0.00286532,-0.00025347,0.0,0.0,-0.00034322,-0.0023125,0.02749869,0.0,0.0,0.0,-0.00513695,-0.00286532,-0.00025347
LM_low,normal,3,60,G1,run121_u0065053.log,0.021079340000000002,33,272850.855468,1.295556,99.99952517795928,11.89607,6.357146e-06,99.99994656095667,1000000.0,0.0,0.0,-6.0,2.0,-15.0,0.0,0.0,0.0,8.0,0.0,0.0,0.0,0.0,-6.00001274,1.99996661,-15.01806146,0.0,0.0,0.0,8.00165645,-0.0005441,-0.0007712,0.0,0.0,-1.274e-05,-3.339e-05,-0.01806146,0.0,0.0,0.0,0.00165645,-0.0005441,-0.0007712
LM_low,normal,3,60,G2,run122_u0065083.log,0.00741235,39,1524862.594955,1.214267,99.99992036875952,21.41743,1.05062e-06,99.99999509455617,1000000.0,0.0,0.0,-14.0,8.0,-22.0,0.0,0.0,0.0,12.3,0.0,0.0,0.0,0.0,-14.00000606,7.99980595,-21.99450808,0.0,0.0,0.0,12.29939702,0.00050461,0.00061254,0.0,0.0,-6.06e-06,-0.00019405,0.00549192,0.0,0.0,0.0,-0.00060317,0.00050461,0.00061254
LM_low,normal,3,60,G3,run123_u0065096.log,0.01817785,35,640753.324985,1.612697,99.9997483123478,20.91943,3.325408e-06,99.99998410373514,1000000.0,0.0,0.0,-8.0,6.0,-25.0,0.0,0.0,0.0,14.1,0.0,0.0,0.0,0.0,-8.00115559,5.99856841,-24.98952592,0.0,0.0,0.0,14.09653744,-0.00019756,-0.00145609,0.0,0.0,-0.00115559,-0.00143159,0.01047408,0.0,0.0,0.0,-0.00346294,-0.00019756,-0.00145609
LM_low,normal,3,60,G4,run124_u0065098.log,0.01203244,31,1186789.389412,2.344351,99.99980246276039,15.98098,6.458861e-06,99.99995958407432,1000000.0,0.0,0.0,-12.0,3.0,-13.0,0.0,0.0,0.0,3.3,0.0,0.0,0.0,0.0,-12.00008569,3.00086559,-13.00667307,0.0,0.0,0.0,3.29733069,-0.00075409,-0.00098474,0.0,0.0,-8.569e-05,0.00086559,-0.00667307,0.0,0.0,0.0,-0.00266926,-0.00075409,-0.00098474
LM_low,normal,3,90,G0,run125_u0065099.log,0.01781286,33,1035855.81748,2.219803,99.99978570347702,18.31632,5.324272e-06,99.99997093154083,1000000.0,0.0,0.0,-10.0,5.0,-19.0,0.0,0.0,0.0,10.0,0.0,0.0,0.0,0.0,-9.99999023,4.99892556,-18.98887238,0.0,0.0,0.0,9.99712577,-0.00113406,-0.00159274,0.0,0.0,9.77e-06,-0.00107444,0.01112762,0.0,0.0,0.0,-0.00287423,-0.00113406,-0.00159274
LM_low,normal,3,90,G1,run126_u0065009.log,0.01384794,37,409201.870485,2.175684,99.99946831034828,13.06323,8.175735e-06,99.99993741413877,1000000.0,0.0,0.0,-6.0,2.0,-15.0,0.0,0.0,0.0,8.0,0.0,0.0,0.0,0.0,-5.99983266,1.9993943,-14.99534174,0.0,0.0,0.0,7.99288798,-0.0004889,0.00081572,0.0,0.0,0.00016734,-0.0006057,0.00465826,0.0,0.0,0.0,-0.00711202,-0.0004889,0.00081572
LM_low,normal,3,90,G2,run127_u0065014.log,0.00919677,37,2287684.143422,1.920759,99.99991603915228,23.89823,1.19736e-06,99.99999498975447,1000000.0,0.0,0.0,-14.0,8.0,-22.0,0.0,0.0,0.0,12.3,0.0,0.0,0.0,0.0,-14.00091834,8.00017772,-21.99364578,0.0,0.0,0.0,12.29920104,-0.0005675,0.00037984,0.0,0.0,-0.00091834,0.00017772,0.00635422,0.0,0.0,0.0,-0.00079915,-0.0005675,0.00037984
LM_low,normal,3,90,G3,run128_u0065020.log,0.01796538,35,960977.986707,2.533206,99.99973639292106,21.0218,4.88222e-06,99.99997677544263,1000000.0,0.0,0.0,-8.0,6.0,-25.0,0.0,0.0,0.0,14.1,0.0,0.0,0.0,0.0,-8.00006108,5.99889361,-24.98627895,0.0,0.0,0.0,14.09805948,0.00039624,-0.00073972,0.0,0.0,-6.108e-05,-0.00110639,0.01372105,0.0,0.0,0.0,-0.0019409,0.00039624,-0.00073972
LM_low,normal,3,90,G4,run129_u0065064.log,0.01572617,35,1780327.879598,3.59887,99.99979785352792,15.66816,2.943159e-06,99.99998121566924,1000000.0,0.0,0.0,-12.0,3.0,-13.0,0.0,0.0,0.0,3.3,0.0,0.0,0.0,0.0,-12.00008525,3.00066514,-13.00669903,0.0,0.0,0.0,3.30524688,0.00174819,-0.00128163,0.0,0.0,-8.525e-05,0.00066514,-0.00669903,0.0,0.0,0.0,0.00524693,0.00174819,-0.00128163
LM_low,normal,3,180,G0,run130_u0065077.log,0.023555680000000002,34,2071698.437593,4.386375,99.99978827154955,17.24942,7.988766e-06,99.99995368675583,1000000.0,0.0,0.0,-10.0,5.0,-19.0,0.0,0.0,0.0,10.0,0.0,0.0,0.0,0.0,-10.00052566,4.99867124,-18.98143813,0.0,0.0,0.0,10.00127735,-0.00084534,-0.0010167,0.0,0.0,-0.00052566,-0.00132876,0.01856187,0.0,0.0,0.0,0.00127735,-0.00084534,-0.0010167
LM_low,normal,3,180,G1,run131_u0065081.log,0.0105478,34,818331.391696,4.027016,99.99950789911753,12.99118,3.196726e-06,99.99997539310516,1000000.0,0.0,0.0,-6.0,2.0,-15.0,0.0,0.0,0.0,8.0,0.0,0.0,0.0,0.0,-5.99975068,1.99973628,-15.00860639,0.0,0.0,0.0,7.99870022,4.382e-05,-8.477e-05,0.0,0.0,0.00024932,-0.00026372,-0.00860639,0.0,0.0,0.0,-0.00129978,4.382e-05,-8.477e-05
LM_low,normal,3,180,G2,run132_u0065082.log,0.00514672,35,4575217.670105,4.014851,99.99991224786908,22.81412,2.3342e-06,99.99998976861698,1000000.0,0.0,0.0,-14.0,8.0,-22.0,0.0,0.0,0.0,12.3,0.0,0.0,0.0,0.0,-14.00043281,7.9998879,-21.99677199,0.0,0.0,0.0,12.30077858,-0.00015054,0.00044488,0.0,0.0,-0.00043281,-0.0001121,0.00322801,0.0,0.0,0.0,0.00077838,-0.00015054,0.00044488
LM_low,normal,3,180,G3,run133_u0065085.log,0.00460448,17,1922085.400745,4.748583,99.99975294630518,22.66613,0.0008801009,99.99611710997864,0.01562,0.0,0.0,-8.0,6.0,-25.0,0.0,0.0,0.0,14.1,0.0,0.0,0.0,0.0,-8.00042935,5.9992276,-25.00041059,0.0,0.0,0.0,14.10201329,-0.000286,-0.00069323,0.0,0.0,-0.00042935,-0.0007724,-0.00041059,0.0,0.0,0.0,0.00201291,-0.000286,-0.00069323
LM_low,normal,3,180,G4,run134_u0065087.log,0.0170767,33,3560498.936434,7.087597,99.9998009380953,15.73751,6.212051e-06,99.99996052710372,1000000.0,0.0,0.0,-12.0,3.0,-13.0,0.0,0.0,0.0,3.3,0.0,0.0,0.0,0.0,-11.99936687,2.99971572,-12.9864248,0.0,0.0,0.0,3.30155885,0.00043927,-0.00058592,0.0,0.0,0.00063313,-0.00028428,0.0135752,0.0,0.0,0.0,0.0015589,0.00043927,-0.00058592
LM_low,normal,3,360,G0,run135_u0065091.log,0.02260171,38,4143042.042093,8.67127,99.99979070282387,17.29968,1.082794e-05,99.99993740959371,1000000.0,0.0,0.0,-10.0,5.0,-19.0,0.0,0.0,0.0,10.0,0.0,0.0,0.0,0.0,-10.00039848,4.99864888,-18.98395299,0.0,0.0,0.0,10.00389273,-0.00023554,-0.00067683,0.0,0.0,-0.00039848,-0.00135112,0.01604701,0.0,0.0,0.0,0.00389273,-0.00023554,-0.00067683
LM_low,normal,3,360,G1,run136_u0065007.log,0.011102820000000001,36,1636842.985812,8.07792,99.99950649389893,13.18065,9.010835e-06,99.9999316358829,1000000.0,0.0,0.0,-6.0,2.0,-15.0,0.0,0.0,0.0,8.0,0.0,0.0,0.0,0.0,-6.00012681,1.99958616,-15.00591101,0.0,0.0,0.0,8.00387555,6.488e-05,-0.00071073,0.0,0.0,-0.00012681,-0.00041384,-0.00591101,0.0,0.0,0.0,0.00387555,6.488e-05,-0.00071073
LM_low,normal,3,360,G2,run137_u0065031.log,0.00268153,20,9150452.530132,8.065337,99.99991185859963,23.33689,0.0001125312,99.99951779693009,0.01562,0.0,0.0,-14.0,8.0,-22.0,0.0,0.0,0.0,12.3,0.0,0.0,0.0,0.0,-14.00038124,7.99991994,-21.99997644,0.0,0.0,0.0,12.30163989,-0.00048606,-7.091e-05,0.0,0.0,-0.00038124,-8.006e-05,2.356e-05,0.0,0.0,0.0,0.0016397,-0.00048606,-7.091e-05
LM_low,normal,3,360,G3,run138_u0065047.log,0.0075425399999999995,35,3844626.998474,9.598646,99.99975033609232,22.21342,1.606006e-05,99.9999277010924,1000000.0,0.0,0.0,-8.0,6.0,-25.0,0.0,0.0,0.0,14.1,0.0,0.0,0.0,0.0,-8.00022754,5.99969235,-25.00530518,0.0,0.0,0.0,14.10127404,4.808e-05,-0.00038043,0.0,0.0,-0.00022754,-0.00030765,-0.00530518,0.0,0.0,0.0,0.00127366,4.808e-05,-0.00038043
LM_low,normal,3,360,G4,run139_u0065092.log,0.019962320000000002,35,7120763.599891,14.260584,99.99979973237701,15.81612,1.058641e-05,99.999933065695,1000000.0,0.0,0.0,-12.0,3.0,-13.0,0.0,0.0,0.0,3.3,0.0,0.0,0.0,0.0,-11.99941808,2.9996789,-12.98436913,0.0,0.0,0.0,3.30210454,0.00070194,-0.0006219,0.0,0.0,0.00058192,-0.0003211,0.01563087,0.0,0.0,0.0,0.00210459,0.00070194,-0.0006219
LM_high,normal,3,3,G0,run140_u0065098.log,0.01771785,34,34626.358554,0.024648,99.99992881723338,15.48764,1.083236e-06,99.99999300580335,1000000.0,0.0,0.0,-10.0,5.0,-19.0,0.0,0.0,0.0,10.0,0.0,0.0,0.0,0.0,-10.00167989,5.00017455,-18.99192055,0.0,0.0,0.0,10.00386622,-0.00212433,-0.00179341,0.0,0.0,-0.00167989,0.00017455,0.00807945,0.0,0.0,0.0,0.00386622,-0.00212433,-0.00179341
LM_high,normal,3,3,G1,run141_u0065053.log,0.03702121,34,13730.98587,0.043414,99.99968382459635,11.62381,6.800341e-07,99.99999414964543,1000000.0,0.0,0.0,-6.0,2.0,-15.0,0.0,0.0,0.0,8.0,0.0,0.0,0.0,0.0,-6.00235744,2.00120652,-15.02882527,0.0,0.0,0.0,8.00123282,-0.00049188,0.00290728,0.0,0.0,-0.00235744,0.00120652,-0.02882527,0.0,0.0,0.0,0.00123282,-0.00049188,0.00290728
LM_high,normal,3,3,G2,run142_u0065083.log,0.03668852,27,76380.162389,0.028819,99.99996226899879,26.33491,7.763486e-07,99.99999705201728,861400.0,0.0,0.0,-14.0,8.0,-22.0,0.0,0.0,0.0,12.3,0.0,0.0,0.0,0.0,-14.00218346,7.99777346,-21.98424747,0.0,0.0,0.0,12.286863,0.00077409,-0.00261471,0.0,0.0,-0.00218346,-0.00222654,0.01575253,0.0,0.0,0.0,-0.01313719,0.00077409,-0.00261471
LM_high,normal,3,3,G3,run143_u0065096.log,0.052360489999999996,32,32157.901912,0.044864,99.99986048841083,20.392,1.733957e-06,99.99999149687622,1000000.0,0.0,0.0,-8.0,6.0,-25.0,0.0,0.0,0.0,14.1,0.0,0.0,0.0,0.0,-8.00200759,5.99891288,-24.9677479,0.0,0.0,0.0,14.10594106,0.00957575,0.00149725,0.0,0.0,-0.00200759,-0.00108712,0.0322521,0.0,0.0,0.0,0.00594068,0.00957575,0.00149725
LM_high,normal,3,3,G4,run144_u0065098.log,0.08936655,27,59387.058298,0.093637,99.99984232760019,15.53462,1.085661e-06,99.99999301134498,1000000.0,0.0,0.0,-12.0,3.0,-13.0,0.0,0.0,0.0,3.3,0.0,0.0,0.0,0.0,-11.99826398,3.00362789,-13.07108066,0.0,0.0,0.0,3.30625549,0.00125364,-0.00541281,0.0,0.0,0.00173602,0.00362789,-0.07108066,0.0,0.0,0.0,0.00625553,0.00125364,-0.00541281
LM_high,normal,3,5,G0,run145_u0065053.log,0.052992729999999995,24,57571.284605,0.102477,99.99982199980302,15.36317,8.476167e-07,99.99999448280074,1000000.0,0.0,0.0,-10.0,5.0,-19.0,0.0,0.0,0.0,10.0,0.0,0.0,0.0,0.0,-10.00121857,4.9948633,-18.9610954,0.0,0.0,0.0,10.00164978,-0.00162729,-0.00445579,0.0,0.0,-0.00121857,-0.0051367,0.0389046,0.0,0.0,0.0,0.00164978,-0.00162729,-0.00445579
LM_high,normal,3,5,G1,run146_u0065083.log,0.04778831,29,22755.333334,0.102917,99.9995477236106,9.266854,2.270139e-06,99.99997550259236,1000000.0,0.0,0.0,-6.0,2.0,-15.0,0.0,0.0,0.0,8.0,0.0,0.0,0.0,0.0,-6.00017107,1.99698346,-14.96565779,0.0,0.0,0.0,7.99659784,-0.00302395,-0.00383238,0.0,0.0,-0.00017107,-0.00301654,0.03434221,0.0,0.0,0.0,-0.00340216,-0.00302395,-0.00383238
LM_high,normal,3,5,G2,run147_u0065096.log,0.01958851,32,127124.622412,0.174259,99.99986292270002,20.13494,2.526332e-06,99.99998745299463,1000000.0,0.0,0.0,-14.0,8.0,-22.0,0.0,0.0,0.0,12.3,0.0,0.0,0.0,0.0,-14.00086708,7.99858444,-21.99603603,0.0,0.0,0.0,12.28824527,-0.00099081,0.00059617,0.0,0.0,-0.00086708,-0.00141556,0.00396397,0.0,0.0,0.0,-0.01175492,-0.00099081,0.00059617
LM_high,normal,3,5,G3,run148_u0065098.log,0.06303541,29,53420.546832,0.068023,99.9998726650998,19.20962,9.781293e-07,99.9999949081278,1000000.0,0.0,0.0,-8.0,6.0,-25.0,0.0,0.0,0.0,14.1,0.0,0.0,0.0,0.0,-7.99634722,6.00036634,-25.04502761,0.0,0.0,0.0,14.09121008,0.00090774,-0.00429064,0.0,0.0,0.00365278,0.00036634,-0.04502761,0.0,0.0,0.0,-0.0087903,0.00090774,-0.00429064
LM_high,normal,3,5,G4,run149_u0065099.log,0.08355451,30,98854.286311,0.123248,99.999875323565,16.85148,1.717901e-06,99.99998980563726,1000000.0,0.0,0.0,-12.0,3.0,-13.0,0.0,0.0,0.0,3.3,0.0,0.0,0.0,0.0,-12.00067539,2.99778595,-12.94656227,0.0,0.0,0.0,3.2798149,-0.00355775,0.00348454,0.0,0.0,-0.00067539,-0.00221405,0.05343773,0.0,0.0,0.0,-0.02018505,-0.00355775,0.00348454
LM_high,normal,3,6,G0,run150_u0065009.log,0.02812218,29,69186.211537,0.079869,99.9998845593678,18.04521,2.350108e-06,99.999986976555,1000000.0,0.0,0.0,-10.0,5.0,-19.0,0.0,0.0,0.0,10.0,0.0,0.0,0.0,0.0,-10.00115461,4.99917306,-18.98536323,0.0,0.0,0.0,10.00218706,-0.00549109,-0.00382571,0.0,0.0,-0.00115461,-0.00082694,0.01463677,0.0,0.0,0.0,0.00218706,-0.00549109,-0.00382571
LM_high,normal,3,6,G1,run151_u0065014.log,0.037086219999999996,21,27412.92906,0.116748,99.99957411336912,11.79499,8.365056e-07,99.99999290795837,1000000.0,0.0,0.0,-6.0,2.0,-15.0,0.0,0.0,0.0,8.0,0.0,0.0,0.0,0.0,-6.00141673,2.00146572,-15.0248847,0.0,0.0,0.0,8.00578558,0.00149757,0.00203592,0.0,0.0,-0.00141673,0.00146572,-0.0248847,0.0,0.0,0.0,0.00578558,0.00149757,0.00203592
LM_high,normal,3,6,G2,run152_u0065020.log,0.02179923,26,152667.334041,0.058575,99.99996163226379,24.85022,7.998339e-07,99.99999678138101,1000000.0,0.0,0.0,-14.0,8.0,-22.0,0.0,0.0,0.0,12.3,0.0,0.0,0.0,0.0,-14.00121099,7.99758659,-21.99484635,0.0,0.0,0.0,12.28959475,-0.00180322,-0.00081252,0.0,0.0,-0.00121099,-0.00241341,0.00515365,0.0,0.0,0.0,-0.01040544,-0.00180322,-0.00081252
LM_high,normal,3,6,G3,run153_u0065053.log,0.09955536,32,64128.661421,0.12071,99.99981176903223,24.6167,1.398897e-06,99.99999431728462,1000000.0,0.0,0.0,-8.0,6.0,-25.0,0.0,0.0,0.0,14.1,0.0,0.0,0.0,0.0,-8.00004022,5.99321522,-24.92302923,0.0,0.0,0.0,14.09020575,0.00391477,0.00205019,0.0,0.0,-4.022e-05,-0.00678478,0.07697077,0.0,0.0,0.0,-0.00979463,0.00391477,0.00205019
LM_high,normal,3,6,G4,run154_u0065064.log,0.04137968,27,118761.272465,0.175744,99.99985201909986,17.61823,1.118024e-06,99.9999936541639,1000000.0,0.0,0.0,-12.0,3.0,-13.0,0.0,0.0,0.0,3.3,0.0,0.0,0.0,0.0,-11.99867319,3.00091051,-13.02539564,0.0,0.0,0.0,3.30760856,0.00430546,0.00183265,0.0,0.0,0.00132681,0.00091051,-0.02539564,0.0,0.0,0.0,0.00760861,0.00430546,0.00183265
LM_high,normal,3,9,G0,run155_u0065076.log,0.07980683000000001,29,103579.458628,0.180766,99.99982548084108,16.90068,9.784404e-07,99.99999421064479,1000000.0,0.0,0.0,-10.0,5.0,-19.0,0.0,0.0,0.0,10.0,0.0,0.0,0.0,0.0,-10.00207294,4.999513,-18.94124454,0.0,0.0,0.0,9.99185022,-0.00454001,0.00580164,0.0,0.0,-0.00207294,-0.000487,0.05875546,0.0,0.0,0.0,-0.00814978,-0.00454001,0.00580164
LM_high,normal,3,9,G1,run156_u0065083.log,0.05161827,32,40916.328247,0.180424,99.99955904156671,12.6328,3.254395e-06,99.99997423852986,1000000.0,0.0,0.0,-6.0,2.0,-15.0,0.0,0.0,0.0,8.0,0.0,0.0,0.0,0.0,-5.99924972,2.00131442,-15.0440769,0.0,0.0,0.0,7.99547807,-0.00089094,6.38e-05,0.0,0.0,0.00075028,0.00131442,-0.0440769,0.0,0.0,0.0,-0.00452193,-0.00089094,6.38e-05
LM_high,normal,3,9,G2,run157_u0065085.log,0.02044058,34,228728.701801,0.104017,99.99995452385328,29.61919,1.049943e-06,99.99999645519341,1000000.0,0.0,0.0,-14.0,8.0,-22.0,0.0,0.0,0.0,12.3,0.0,0.0,0.0,0.0,-14.00291115,7.99938964,-22.01088507,0.0,0.0,0.0,12.30123737,0.00245715,-0.00233967,0.0,0.0,-0.00291115,-0.00061036,-0.01088507,0.0,0.0,0.0,0.00123718,0.00245715,-0.00233967
LM_high,normal,3,9,G3,run158_u0065096.log,0.04325065,27,96104.476441,0.214387,99.99977692298222,20.45891,2.209347e-06,99.99998920105227,1000000.0,0.0,0.0,-8.0,6.0,-25.0,0.0,0.0,0.0,14.1,0.0,0.0,0.0,0.0,-8.00198641,5.9978051,-24.97597954,0.0,0.0,0.0,14.08945746,-0.00259591,0.00191005,0.0,0.0,-0.00198641,-0.0021949,0.02402046,0.0,0.0,0.0,-0.01054292,-0.00259591,0.00191005
LM_high,normal,3,9,G4,run159_u0065098.log,0.020547100000000002,22,178053.177874,0.412996,99.99976804907111,15.70895,8.650011e-06,99.99994493577864,1000000.0,0.0,0.0,-12.0,3.0,-13.0,0.0,0.0,0.0,3.3,0.0,0.0,0.0,0.0,-12.00218659,2.99971587,-13.01063617,0.0,0.0,0.0,3.30103019,-0.00510368,0.00130629,0.0,0.0,-0.00218659,-0.00028413,-0.01063617,0.0,0.0,0.0,0.00103024,-0.00510368,0.00130629
LM_high,normal,3,10,G0,run160_u0065099.log,0.05161115,30,115162.126589,0.14413,99.99987484600688,14.35877,1.653597e-06,99.99998848371415,1000000.0,0.0,0.0,-10.0,5.0,-19.0,0.0,0.0,0.0,10.0,0.0,0.0,0.0,0.0,-10.00029823,4.99624825,-18.96227471,0.0,0.0,0.0,10.00861908,-0.00034457,-0.00087223,0.0,0.0,-0.00029823,-0.00375175,0.03772529,0.0,0.0,0.0,0.00861908,-0.00034457,-0.00087223
LM_high,normal,3,10,G1,run161_u0065009.log,0.07367201,27,45531.863345,0.211538,99.99953540667026,9.519447,2.926588e-06,99.9999692567436,1000000.0,0.0,0.0,-6.0,2.0,-15.0,0.0,0.0,0.0,8.0,0.0,0.0,0.0,0.0,-6.0009067,1.99584728,-14.9401983,0.0,0.0,0.0,7.99545505,-0.00306745,-0.00119849,0.0,0.0,-0.0009067,-0.00415272,0.0598017,0.0,0.0,0.0,-0.00454495,-0.00306745,-0.00119849
LM_high,normal,3,10,G2,run162_u0065014.log,0.01671284,35,254239.475747,0.245384,99.99990348312383,18.66113,2.630405e-06,99.99998590436378,1000000.0,0.0,0.0,-14.0,8.0,-22.0,0.0,0.0,0.0,12.3,0.0,0.0,0.0,0.0,-13.99968054,8.00122138,-21.99252474,0.0,0.0,0.0,12.29397514,0.00046053,0.00121116,0.0,0.0,0.00031946,0.00122138,0.00747526,0.0,0.0,0.0,-0.00602505,0.00046053,0.00121116
LM_high,normal,3,10,G3,run163_u0065020.log,0.04775676,32,106839.855028,0.243207,99.99977236303818,18.18587,1.605272e-06,99.9999911729711,1000000.0,0.0,0.0,-8.0,6.0,-25.0,0.0,0.0,0.0,14.1,0.0,0.0,0.0,0.0,-7.99825457,5.9975937,-24.9826819,0.0,0.0,0.0,14.0776953,0.0020301,-0.00195175,0.0,0.0,0.00174543,-0.0024063,0.0173181,0.0,0.0,0.0,-0.02230508,0.0020301,-0.00195175
LM_high,normal,3,10,G4,run164_u0065053.log,0.052188689999999996,35,197755.735571,0.243397,99.99987692038398,18.9878,2.499491e-06,99.99998683633176,1000000.0,0.0,0.0,-12.0,3.0,-13.0,0.0,0.0,0.0,3.3,0.0,0.0,0.0,0.0,-12.00086724,2.99705825,-12.95512969,0.0,0.0,0.0,3.30156112,0.00114864,-0.00079958,0.0,0.0,-0.00086724,-0.00294175,0.04487031,0.0,0.0,0.0,0.00156117,0.00114864,-0.00079958
LM_high,normal,3,12,G0,run165_u0065064.log,0.04221316,29,138125.388434,0.204293,99.99985209598155,13.72221,1.437371e-06,99.99998952522225,1000000.0,0.0,0.0,-10.0,5.0,-19.0,0.0,0.0,0.0,10.0,0.0,0.0,0.0,0.0,-10.00199556,4.99924586,-18.97455584,0.0,0.0,0.0,9.99351001,-0.00319067,-0.00433864,0.0,0.0,-0.00199556,-0.00075414,0.02544416,0.0,0.0,0.0,-0.00648999,-0.00319067,-0.00433864
LM_high,normal,3,12,G1,run166_u0065076.log,0.01890475,27,54556.28867,0.25832,99.99952650738109,11.59228,5.682845e-07,99.99999509773315,861400.0,0.0,0.0,-6.0,2.0,-15.0,0.0,0.0,0.0,8.0,0.0,0.0,0.0,0.0,-6.0002002,2.00015046,-15.00649511,0.0,0.0,0.0,8.00948379,-0.00130237,-0.00127282,0.0,0.0,-0.0002002,0.00015046,-0.00649511,0.0,0.0,0.0,0.00948379,-0.00130237,-0.00127282
LM_high,normal,3,12,G2,run167_u0065083.log,0.01698921,27,305028.836065,0.140682,99.99995387911457,23.45336,1.402031e-06,99.99999402204631,1000000.0,0.0,0.0,-14.0,8.0,-22.0,0.0,0.0,0.0,12.3,0.0,0.0,0.0,0.0,-14.00019772,7.99864853,-22.00646323,0.0,0.0,0.0,12.29367056,-0.00074007,0.00190709,0.0,0.0,-0.00019772,-0.00135147,-0.00646323,0.0,0.0,0.0,-0.00632963,-0.00074007,0.00190709
LM_high,normal,3,12,G3,run168_u0065085.log,0.01623154,30,128146.525345,0.221792,99.99982692312616,19.15883,1.52968e-06,99.99999201579638,1000000.0,0.0,0.0,-8.0,6.0,-25.0,0.0,0.0,0.0,14.1,0.0,0.0,0.0,0.0,-8.00018861,5.99842377,-25.00860083,0.0,0.0,0.0,14.09599596,0.00028127,0.00158018,0.0,0.0,-0.00018861,-0.00157623,-0.00860083,0.0,0.0,0.0,-0.00400442,0.00028127,0.00158018
LM_high,normal,3,12,G4,run169_u0065096.log,0.03227904,27,237320.516425,0.508433,99.99978576104263,17.92082,1.211309e-06,99.99999324077245,1000000.0,0.0,0.0,-12.0,3.0,-13.0,0.0,0.0,0.0,3.3,0.0,0.0,0.0,0.0,-11.99672298,3.00129272,-13.00994544,0.0,0.0,0.0,3.31408226,0.00185276,0.00182879,0.0,0.0,0.00327702,0.00129272,-0.00994544,0.0,0.0,0.0,0.01408231,0.00185276,0.00182879
LM_high,normal,3,15,G0,run170_u0065097.log,0.02587392,29,172650.239545,0.329137,99.99980936197895,17.00189,3.470571e-06,99.9999795871459,1000000.0,0.0,0.0,-10.0,5.0,-19.0,0.0,0.0,0.0,10.0,0.0,0.0,0.0,0.0,-10.00074704,4.99773286,-18.98578912,0.0,0.0,0.0,9.99451355,-0.00238183,0.00078058,0.0,0.0,-0.00074704,-0.00226714,0.01421088,0.0,0.0,0.0,-0.00548645,-0.00238183,0.00078058
LM_high,normal,3,15,G1,run171_u0065098.log,0.02466888,27,68234.061742,0.337574,99.9995052705476,12.42859,4.615204e-06,99.99996286623019,1000000.0,0.0,0.0,-6.0,2.0,-15.0,0.0,0.0,0.0,8.0,0.0,0.0,0.0,0.0,-6.00008841,2.0002539,-15.0154788,0.0,0.0,0.0,7.99358039,-0.00230664,0.00012152,0.0,0.0,-8.841e-05,0.0002539,-0.0154788,0.0,0.0,0.0,-0.00641961,-0.00230664,0.00012152
LM_high,normal,3,15,G2,run172_u0065099.log,0.01244265,32,381135.866825,0.30289,99.99992052965193,22.69133,2.085894e-06,99.99999080752869,1000000.0,0.0,0.0,-14.0,8.0,-22.0,0.0,0.0,0.0,12.3,0.0,0.0,0.0,0.0,-14.00060515,7.99979517,-21.99790663,0.0,0.0,0.0,12.29271637,-0.00197575,-0.00027973,0.0,0.0,-0.00060515,-0.00020483,0.00209337,0.0,0.0,0.0,-0.00728382,-0.00197575,-0.00027973
LM_high,normal,3,15,G3,run173_u0065009.log,0.01653845,30,160186.520022,0.327488,99.9997955583279,18.44429,3.459556e-06,99.99998124321402,1000000.0,0.0,0.0,-8.0,6.0,-25.0,0.0,0.0,0.0,14.1,0.0,0.0,0.0,0.0,-8.00175686,5.99961378,-24.99844043,0.0,0.0,0.0,14.09079354,0.00267349,-0.00095546,0.0,0.0,-0.00175686,-0.00038622,0.00155957,0.0,0.0,0.0,-0.00920685,0.00267349,-0.00095546
LM_high,normal,3,15,G4,run174_u0065014.log,0.03416685,30,296700.872441,0.548027,99.99981529309453,15.42138,1.946553e-06,99.99998737756933,1000000.0,0.0,0.0,-12.0,3.0,-13.0,0.0,0.0,0.0,3.3,0.0,0.0,0.0,0.0,-12.00145876,3.00197458,-13.02899272,0.0,0.0,0.0,3.29944718,-0.00046565,-0.00072237,0.0,0.0,-0.00145876,0.00197458,-0.02899272,0.0,0.0,0.0,-0.00055277,-0.00046565,-0.00072237
LM_high,normal,3,18,G0,run175_u0065020.log,0.03285051,32,207139.351219,0.405253,99.9998043573094,18.58734,1.225707e-06,99.99999340568904,1000000.0,0.0,0.0,-10.0,5.0,-19.0,0.0,0.0,0.0,10.0,0.0,0.0,0.0,0.0,-10.00130197,4.99960914,-18.97780478,0.0,0.0,0.0,9.99649451,-0.00108429,-0.00437268,0.0,0.0,-0.00130197,-0.00039086,0.02219522,0.0,0.0,0.0,-0.00350549,-0.00108429,-0.00437268
LM_high,normal,3,18,G1,run176_u0065053.log,0.04125023,32,81837.164172,0.38551,99.99952893040235,14.67323,1.229044e-06,99.99999162390284,1000000.0,0.0,0.0,-6.0,2.0,-15.0,0.0,0.0,0.0,8.0,0.0,0.0,0.0,0.0,-5.99873827,2.00153298,-15.03309749,0.0,0.0,0.0,7.99881879,-0.00238544,-0.00179138,0.0,0.0,0.00126173,0.00153298,-0.03309749,0.0,0.0,0.0,-0.00118121,-0.00238544,-0.00179138
LM_high,normal,3,18,G2,run177_u0065064.log,0.016173820000000002,27,457551.717983,0.239906,99.99994756745728,24.96007,3.550559e-07,99.99999857750439,861400.0,0.0,0.0,-14.0,8.0,-22.0,0.0,0.0,0.0,12.3,0.0,0.0,0.0,0.0,-14.00256423,7.9993114,-21.9916849,0.0,0.0,0.0,12.30260207,0.00115511,-0.0008489,0.0,0.0,-0.00256423,-0.0006886,0.0083151,0.0,0.0,0.0,0.00260188,0.00115511,-0.0008489
LM_high,normal,3,18,G3,run178_u0065076.log,0.008649800000000001,35,192226.845135,0.452336,99.9997646863529,23.28991,1.424614e-06,99.99999388312794,1000000.0,0.0,0.0,-8.0,6.0,-25.0,0.0,0.0,0.0,14.1,0.0,0.0,0.0,0.0,-8.00072916,5.99907489,-24.99415615,0.0,0.0,0.0,14.10011976,0.00034624,0.00068607,0.0,0.0,-0.00072916,-0.00092511,0.00584385,0.0,0.0,0.0,0.00011937,0.00034624,0.00068607
LM_high,normal,3,18,G4,run179_u0065083.log,0.02991916,34,356115.656929,0.837053,99.99976494911591,15.847,1.132489e-06,99.99999285360636,1000000.0,0.0,0.0,-12.0,3.0,-13.0,0.0,0.0,0.0,3.3,0.0,0.0,0.0,0.0,-12.00000112,3.00002517,-12.9935586,0.0,0.0,0.0,3.31462354,0.00487925,0.00394863,0.0,0.0,-1.12e-06,2.517e-05,0.0064414,0.0,0.0,0.0,0.01462359,0.00487925,0.00394863
LM_high,normal,3,24,G0,run180_u0065085.log,0.03646302,34,276203.561955,0.597653,99.99978361864859,16.41198,1.610154e-06,99.9999901891545,1000000.0,0.0,0.0,-10.0,5.0,-19.0,0.0,0.0,0.0,10.0,0.0,0.0,0.0,0.0,-9.99991242,4.99863565,-18.96894302,0.0,0.0,0.0,9.99866008,-0.00022308,-0.00239111,0.0,0.0,8.758e-05,-0.00136435,0.03105698,0.0,0.0,0.0,-0.00133992,-0.00022308,-0.00239111
LM_high,normal,3,24,G1,run181_u0065096.log,0.03606389,30,109096.258488,0.547487,99.99949816152488,11.80246,2.387117e-06,99.99997977441143,1000000.0,0.0,0.0,-6.0,2.0,-15.0,0.0,0.0,0.0,8.0,0.0,0.0,0.0,0.0,-6.00022387,1.99806737,-14.96950646,0.0,0.0,0.0,8.00067888,-0.00116532,-0.00156965,0.0,0.0,-0.00022387,-0.00193263,0.03049354,0.0,0.0,0.0,0.00067888,-0.00116532,-0.00156965
LM_high,normal,3,24,G2,run182_u0065097.log,0.02252937,26,609990.018838,0.478039,99.99992163166851,23.41686,6.683309e-07,99.99999714594142,1000000.0,0.0,0.0,-14.0,8.0,-22.0,0.0,0.0,0.0,12.3,0.0,0.0,0.0,0.0,-14.00020713,7.99931259,-22.01168548,0.0,0.0,0.0,12.29272277,-0.00155595,0.00111598,0.0,0.0,-0.00020713,-0.00068741,-0.01168548,0.0,0.0,0.0,-0.00727742,-0.00155595,0.00111598
LM_high,normal,3,24,G3,run183_u0065098.log,0.0113374,31,256226.509494,0.469574,99.9998167348098,20.84768,7.39489e-07,99.99999645289547,1000000.0,0.0,0.0,-8.0,6.0,-25.0,0.0,0.0,0.0,14.1,0.0,0.0,0.0,0.0,-7.99997029,5.99881221,-24.99571244,0.0,0.0,0.0,14.09562395,0.00078192,0.00067399,0.0,0.0,2.971e-05,-0.00118779,0.00428756,0.0,0.0,0.0,-0.00437643,0.00078192,0.00067399
LM_high,normal,3,24,G4,run184_u0065099.log,0.0528388,30,474645.255619,0.972234,99.9997951661818,18.01053,2.888968e-06,99.99998395956142,1000000.0,0.0,0.0,-12.0,3.0,-13.0,0.0,0.0,0.0,3.3,0.0,0.0,0.0,0.0,-11.99827635,3.00217325,-13.02778859,0.0,0.0,0.0,3.31771238,0.00325087,-0.00019001,0.0,0.0,0.00172365,0.00217325,-0.02778859,0.0,0.0,0.0,0.01771243,0.00325087,-0.00019001
LM_high,normal,3,36,G0,run185_u0065009.log,0.03179349,32,414302.569598,0.732211,99.99982326660422,17.62801,2.690908e-06,99.99998473504382,1000000.0,0.0,0.0,-10.0,5.0,-19.0,0.0,0.0,0.0,10.0,0.0,0.0,0.0,0.0,-10.00078429,4.99945284,-18.97531015,0.0,0.0,0.0,9.99840321,-0.00043362,-0.00374178,0.0,0.0,-0.00078429,-0.00054716,0.02468985,0.0,0.0,0.0,-0.00159679,-0.00043362,-0.00374178
LM_high,normal,3,36,G1,run186_u0065014.log,0.0273998,30,163652.534461,0.688387,99.99957936062385,14.05144,2.666185e-06,99.99998102553901,1000000.0,0.0,0.0,-6.0,2.0,-15.0,0.0,0.0,0.0,8.0,0.0,0.0,0.0,0.0,-5.99925664,2.00128343,-15.02348573,0.0,0.0,0.0,7.99906395,-0.00043359,-0.00051764,0.0,0.0,0.00074336,0.00128343,-0.02348573,0.0,0.0,0.0,-0.00093605,-0.00043359,-0.00051764
LM_high,normal,3,36,G2,run187_u0065020.log,0.00790109,34,915093.682899,0.589835,99.99993554375787,23.83521,2.051312e-06,99.99999139377418,1000000.0,0.0,0.0,-14.0,8.0,-22.0,0.0,0.0,0.0,12.3,0.0,0.0,0.0,0.0,-14.00128184,7.99924774,-21.99663831,0.0,0.0,0.0,12.30068346,0.00049333,0.0013287,0.0,0.0,-0.00128184,-0.00075226,0.00336169,0.0,0.0,0.0,0.00068327,0.00049333,0.0013287
LM_high,normal,3,36,G3,run188_u0065064.log,0.01496975,30,384425.133574,0.965956,99.9997487271472,23.67362,7.598094e-06,99.99996790480712,1000000.0,0.0,0.0,-8.0,6.0,-25.0,0.0,0.0,0.0,14.1,0.0,0.0,0.0,0.0,-8.00120343,6.00012578,-25.00590051,0.0,0.0,0.0,14.09334961,-0.00071525,0.00037401,0.0,0.0,-0.00120343,0.00012578,-0.00590051,0.0,0.0,0.0,-0.00665077,-0.00071525,0.00037401
LM_high,normal,3,36,G4,run189_u0065077.log,0.018096420000000002,37,712094.312018,1.659595,99.99976694168568,16.22191,1.085457e-06,99.99999330869792,1000000.0,0.0,0.0,-12.0,3.0,-13.0,0.0,0.0,0.0,3.3,0.0,0.0,0.0,0.0,-11.99898623,3.00077576,-13.00357944,0.0,0.0,0.0,3.30954945,0.00246083,0.00071712,0.0,0.0,0.00101377,0.00077576,-0.00357944,0.0,0.0,0.0,0.0095495,0.00246083,0.00071712
LM_high,normal,3,60,G0,run190_u0065083.log,0.0313414,35,690661.516275,1.334784,99.99980673832718,16.1148,8.389851e-06,99.99994793698339,1000000.0,0.0,0.0,-10.0,5.0,-19.0,0.0,0.0,0.0,10.0,0.0,0.0,0.0,0.0,-10.00027479,4.99850042,-18.97546096,0.0,0.0,0.0,10.0021469,-0.00217683,-0.00070426,0.0,0.0,-0.00027479,-0.00149958,0.02453904,0.0,0.0,0.0,0.0021469,-0.00217683,-0.00070426
LM_high,normal,3,60,G1,run191_u0065097.log,0.01932894,29,272850.855468,1.288776,99.99952766283333,11.83109,6.113908e-06,99.99994832337511,1000000.0,0.0,0.0,-6.0,2.0,-15.0,0.0,0.0,0.0,8.0,0.0,0.0,0.0,0.0,-5.99991412,1.99985058,-15.01514121,0.0,0.0,0.0,8.00243114,-0.00066381,-0.00085748,0.0,0.0,8.588e-05,-0.00014942,-0.01514121,0.0,0.0,0.0,0.00243114,-0.00066381,-0.00085748
LM_high,normal,3,60,G2,run192_u0065017.log,0.00975878,30,1524862.594955,1.20872,99.99992073253,21.35079,9.610033e-07,99.99999549898013,478500.0,0.0,0.0,-14.0,8.0,-22.0,0.0,0.0,0.0,12.3,0.0,0.0,0.0,0.0,-14.00002314,7.99978541,-21.99268104,0.0,0.0,0.0,12.29889429,0.00043046,0.00066573,0.0,0.0,-2.314e-05,-0.00021459,0.00731896,0.0,0.0,0.0,-0.0011059,0.00043046,0.00066573
LM_high,normal,3,60,G3,run193_u0065053.log,0.0175349,44,640753.324985,1.597418,99.99975069688479,20.77422,2.125873e-06,99.99998976677342,1000000.0,0.0,0.0,-8.0,6.0,-25.0,0.0,0.0,0.0,14.1,0.0,0.0,0.0,0.0,-8.00118156,5.99847619,-24.98798864,0.0,0.0,0.0,14.10121898,0.00022501,-0.00137456,0.0,0.0,-0.00118156,-0.00152381,0.01201136,0.0,0.0,0.0,0.0012186,0.00022501,-0.00137456
LM_high,normal,3,60,G4,run194_u0065076.log,0.00615109,25,1186789.389412,2.291844,99.99980688705,15.93933,4.588624e-06,99.99997121193928,1000000.0,0.0,0.0,-12.0,3.0,-13.0,0.0,0.0,0.0,3.3,0.0,0.0,0.0,0.0,-12.00024402,3.00061951,-13.00221736,0.0,0.0,0.0,3.29707294,-1.203e-05,-0.00013116,0.0,0.0,-0.00024402,0.00061951,-0.00221736,0.0,0.0,0.0,-0.00292701,-1.203e-05,-0.00013116
LM_high,normal,3,90,G0,run195_u0065081.log,0.02157927,35,1035855.81748,2.19229,99.99978835954164,18.2489,1.283028e-05,99.9999296928582,1000000.0,0.0,0.0,-10.0,5.0,-19.0,0.0,0.0,0.0,10.0,0.0,0.0,0.0,0.0,-10.00021479,4.9990973,-18.99102692,0.0,0.0,0.0,9.99242722,-0.00186507,-0.00205085,0.0,0.0,-0.00021479,-0.0009027,0.00897308,0.0,0.0,0.0,-0.00757278,-0.00186507,-0.00205085
LM_high,normal,3,90,G1,run196_u0065085.log,0.00720965,33,409201.870485,2.140272,99.99947696426767,13.01187,8.271569e-07,99.999993643059,1000000.0,0.0,0.0,-6.0,2.0,-15.0,0.0,0.0,0.0,8.0,0.0,0.0,0.0,0.0,-5.99960724,1.99943495,-14.99703739,0.0,0.0,0.0,7.99761231,-0.00041155,0.00048999,0.0,0.0,0.00039276,-0.00056505,0.00296261,0.0,0.0,0.0,-0.00238769,-0.00041155,0.00048999
LM_high,normal,3,90,G2,run197_u0065087.log,0.01016048,35,2287684.143422,1.930383,99.99991561846483,23.8191,1.657628e-06,99.99999304076141,1000000.0,0.0,0.0,-14.0,8.0,-22.0,0.0,0.0,0.0,12.3,0.0,0.0,0.0,0.0,-14.00089398,8.00019314,-21.993082,0.0,0.0,0.0,12.2988441,-0.00065224,0.00034703,0.0,0.0,-0.00089398,0.00019314,0.006918,0.0,0.0,0.0,-0.00115609,-0.00065224,0.00034703
LM_high,normal,3,90,G3,run198_u0065096.log,0.01806658,35,960977.986707,2.519751,99.99973779305721,20.93707,5.206127e-06,99.99997513440516,1000000.0,0.0,0.0,-8.0,6.0,-25.0,0.0,0.0,0.0,14.1,0.0,0.0,0.0,0.0,-8.00005901,5.99887081,-24.98565037,0.0,0.0,0.0,14.09888364,0.00076043,-0.00065158,0.0,0.0,-5.901e-05,-0.00112919,0.01434963,0.0,0.0,0.0,-0.00111674,0.00076043,-0.00065158
LM_high,normal,3,90,G4,run199_u0065098.log,0.01262564,32,1780327.879598,3.586025,99.99979857502424,15.64246,5.167877e-06,99.99996696250463,1000000.0,0.0,0.0,-12.0,3.0,-13.0,0.0,0.0,0.0,3.3,0.0,0.0,0.0,0.0,-12.00019148,3.0006716,-13.00570289,0.0,0.0,0.0,3.30353312,0.00125501,-0.00127149,0.0,0.0,-0.00019148,0.0006716,-0.00570289,0.0,0.0,0.0,0.00353317,0.00125501,-0.00127149
LM_high,normal,3,180,G0,run200_u0065099.log,0.02282222,39,2071698.437593,4.367463,99.99978918442372,17.22137,2.289155e-06,99.9999867074745,1000000.0,0.0,0.0,-10.0,5.0,-19.0,0.0,0.0,0.0,10.0,0.0,0.0,0.0,0.0,-10.00056359,4.99865684,-18.98277434,0.0,0.0,0.0,10.00214297,-0.00080543,-0.00074141,0.0,0.0,-0.00056359,-0.00134316,0.01722566,0.0,0.0,0.0,0.00214297,-0.00080543,-0.00074141
LM_high,normal,3,180,G1,run201_u0065009.log,0.0095942,32,818331.391696,4.036059,99.999506794064,12.96465,2.532961e-06,99.9999804625578,1000000.0,0.0,0.0,-6.0,2.0,-15.0,0.0,0.0,0.0,8.0,0.0,0.0,0.0,0.0,-5.99977943,1.99968755,-15.00805107,0.0,0.0,0.0,7.99911485,2.98e-05,-9.516e-05,0.0,0.0,0.00022057,-0.00031245,-0.00805107,0.0,0.0,0.0,-0.00088515,2.98e-05,-9.516e-05
LM_high,normal,3,180,G2,run202_u0065014.log,0.0068568,34,4575217.670105,4.018516,99.99991216776358,22.78344,7.498072e-06,99.9999670898161,1000000.0,0.0,0.0,-14.0,8.0,-22.0,0.0,0.0,0.0,12.3,0.0,0.0,0.0,0.0,-14.0004153,7.99992304,-21.99501545,0.0,0.0,0.0,12.29947424,-0.00033248,0.00052156,0.0,0.0,-0.0004153,-7.696e-05,0.00498455,0.0,0.0,0.0,-0.00052595,-0.00033248,0.00052156
LM_high,normal,3,180,G3,run203_u0065020.log,0.00513196,34,1922085.400745,4.743523,99.99975320956092,22.61332,6.543586e-06,99.99997106313448,1000000.0,0.0,0.0,-8.0,6.0,-25.0,0.0,0.0,0.0,14.1,0.0,0.0,0.0,0.0,-8.00045098,5.99920395,-25.00107629,0.0,0.0,0.0,14.10172735,-0.00039995,-0.00068172,0.0,0.0,-0.00045098,-0.00079605,-0.00107629,0.0,0.0,0.0,0.00172697,-0.00039995,-0.00068172
LM_high,normal,3,180,G4,run204_u0065064.log,0.01746962,29,3560498.936434,7.100297,99.9998005814037,15.72411,3.190145e-06,99.99997971176111,1000000.0,0.0,0.0,-12.0,3.0,-13.0,0.0,0.0,0.0,3.3,0.0,0.0,0.0,0.0,-11.99928364,2.99970944,-12.98648225,0.0,0.0,0.0,3.30188601,0.00060064,-0.00045825,0.0,0.0,0.00071636,-0.00029056,0.01351775,0.0,0.0,0.0,0.00188606,0.00060064,-0.00045825
LM_high,normal,3,360,G0,run205_u0065077.log,0.01703966,30,4143042.042093,8.643015,99.99979138481066,17.2856,3.657614e-05,99.99978840109686,1000000.0,0.0,0.0,-10.0,5.0,-19.0,0.0,0.0,0.0,10.0,0.0,0.0,0.0,0.0,-10.00040886,4.99900421,-18.98687712,0.0,0.0,0.0,10.00118818,-0.00057988,-0.00074407,0.0,0.0,-0.00040886,-0.00099579,0.01312288,0.0,0.0,0.0,0.00118818,-0.00057988,-0.00074407
LM_high,normal,3,360,G1,run206_u0065082.log,0.01143092,34,1636842.985812,8.10087,99.99950509180964,13.16741,6.496836e-06,99.99995065972732,1000000.0,0.0,0.0,-6.0,2.0,-15.0,0.0,0.0,0.0,8.0,0.0,0.0,0.0,0.0,-6.00013098,1.9995821,-15.00538206,0.0,0.0,0.0,8.00459219,0.00014813,-0.00075966,0.0,0.0,-0.00013098,-0.0004179,-0.00538206,0.0,0.0,0.0,0.00459219,0.00014813,-0.00075966
LM_high,normal,3,360,G2,run207_u0065083.log,0.00306162,18,9150452.530132,8.074495,99.99991175851714,23.31977,0.000182264,99.9992184142468,0.0294,0.0,0.0,-14.0,8.0,-22.0,0.0,0.0,0.0,12.3,0.0,0.0,0.0,0.0,-14.00037947,7.99991976,-22.00024735,0.0,0.0,0.0,12.30179498,-0.00050289,-5.688e-05,0.0,0.0,-0.00037947,-8.024e-05,-0.00024735,0.0,0.0,0.0,0.00179479,-0.00050289,-5.688e-05
LM_high,normal,3,360,G3,run208_u0065097.log,0.008089240000000001,34,3844626.998474,9.604149,99.9997501929575,22.1884,1.139021e-05,99.99994866592455,1000000.0,0.0,0.0,-8.0,6.0,-25.0,0.0,0.0,0.0,14.1,0.0,0.0,0.0,0.0,-8.00022281,5.99969911,-25.00532652,0.0,0.0,0.0,14.10165689,0.00015359,-0.00042892,0.0,0.0,-0.00022281,-0.00030089,-0.00532652,0.0,0.0,0.0,0.00165651,0.00015359,-0.00042892
LM_high,normal,3,360,G4,run209_u0065017.log,0.01912968,30,7120763.599891,14.319581,99.99979890385632,15.80919,1.149854e-05,99.99992726673537,1000000.0,0.0,0.0,-12.0,3.0,-13.0,0.0,0.0,0.0,3.3,0.0,0.0,0.0,0.0,-11.99941175,2.99970608,-12.9851812,0.0,0.0,0.0,3.30216828,0.00063436,-0.00062602,0.0,0.0,0.00058825,-0.00029392,0.0148188,0.0,0.0,0.0,0.00216833,0.00063436,-0.00062602
